text,comment
ุฎุฏุงููุช ููุฑุฌูโูุง ุขูุฏู๐,1
ุดูุง ูุธุฑุง ุญู ูุง ููุฑ ูุงุฑู ุถุงุน ูฺฉูู,1
ุชู ฺฉูฺฉูุฑ ุจุง ุนูููุช ูุจุฑู . ฺูุฏ ุณุงู ุฏฺฏู ูโุฎูุงู ฺฺฉุงุฑ ฺฉููุ ููุฑ ุจู ฺุฒ ูุฌูุฏู,0
ฺุฑุง ุฏูุณุช ุนุฒุฒ ฺ ุฑุจุท ุฏุงุฑู ุ,0
ุณูุงู ุจุง ุงู ุฏุฑุตุฏูุง ุญุฏูุฏ ฺู ุฑุชุจู ุง ุฑู ูุชููู ุชู ููุทูู2 ฺฉุณุจ ฺฉูู. ุฎูุงูุดุง ุงฺฏุฑ ุงุทูุงุน ุฏุงุฑุฏ ุฌูุงุจ ุจุฏุฏ. ูุฑุณ๐น๐น๐น ุงุฏุจุงุช36/ุนุฑุจ54/ุฏู73/ุฒุจุงู45/ุฏุฑฺฉ ุนููู ููุฑ30/ุฏุฑฺฉ ุฑุงุถ ูุฒฺฉ25/ุชุฑุณู ูู30/ุฎูุงูุช ุชุตูุฑ28/ุฎูุงูุช ููุงุด25/ุฎูุงูุช ููุณู23/ ุฎูุงุต ููุงุฏ31,1
ุณูุงู ูู ูุชููุณุชู ุชู ุงุฒููู ุนูู ุดุฑฺฉุช ฺฉูู ุจู ูุธุฑุชูู ุฏูุจุงุฑู ูููุช ูุฏู ุจุฑุง ุซุจุช ูุงูุ ุง ูุซูุง ูุดู ุฑูุฒ ุงุฒููู ุนูู ุญุถูุฑุง ุซุจุช ูุงู ฺฉุฑุฏุ,1
ุจฺูโูุง ูู ุฑุดุชู ุชุฌุฑุจู ฺฉูฺฉูุฑ ููุฑู ูููุทูุฑ ุฏุงุฏู ุจุง ุฏุฑุตุฏุง ุงุฏุจุงุช60ุนุฑุจ80ุฏู100ุฒุจุงู48 ุฏุฑฺฉ ุนููู ุฑุงุถ ู ูุฒฺฉ67 ู ุชุฑุณู ูู18 ูุจูู ุงุฎุชุตุงุตโูุง ุตูุฑ ุฑุชุจู ุญุฏูุฏุง ฺูุฏ ูุดูุ,1
ุญุฏูุฏ 1000 ุงูุง... ุดุงุฏ ุชู ุฒุฑ ฺฏุฑูู 2 ุญุช ุณู ุฑูู ุจุด,0
ุณูุงู. ูู ููุณู ฺฉุงุฑูฺฉูู ูู ุฎูุฏู ุฑุดุชู ุชุฌุฑุจ ูุณุชู. ุฏุฑุตุฏุงู ุงูุทูุฑ ูุดู: ุงุฏุจุงุช 30 ู ุนุฑุจ 60 ู ุฏู 40 ู ุฒุจุงู 50 ุชูุฑุจุง. ุฑุงุถ ูู 5 ู ุฎูุงุต ููุงุฏ ูู 5 ุฏุฑุตุฏโ. ูุชููู ุฏุงูุดฺฏุงู ุฎูุจ ูุจูู ุจุดูุ ุขุฒููู ุนูู ูุฑุจูุท ุจู ููุณู ฺุทูุฑูุ ฺฉุณ ูุชููู ฺฉูฺฉ ฺฉูู ุจููุ,1
ุจุง ุงู ุฏุฑุตุฏุง ุฎุฑ ๐ถ ุงุญุชูุงูุด ูุฒุฏฺฉ ุจู ุตูุฑู,0
ุฑููุง ุขุฒููู ุนูู ุฑู ุฏุณุช ฺฉู ูฺฏุฑุฏ!,1
ุจู ูุธุฑ ุดูุง ุณุฎุชู ุงุฒูููุ,0
ุณูุงู ฺฉุณ ูุณ ฺฉู ุชุฌุฑุจ ุจูุฏู ู ฺฉูฺฉูุฑ ููุฑ ุฏุงุฏู ฺุทูุฑ ุฎููุฏู ูุทูุง ุงฺฏู ฺฉุณ ูุณ ุฑุงูููุงู ฺฉูู ูููููู ุนุฒุฒุงู๐ผ๐ผ๐ผ,1
ุณูุฌุด ฺฏุฐุงุดุช ุณูุงูุงุฑู ุจุฑุฏ ุจุจูุฏ,1
ุฏุฑูุฏ ุจุฑ ุดูุง ... ุจุนุถ ุงุฒ ุฏูุณุชุงู ฺฉู ูฺฏู ฺฉูฺฉูุฑ ุฏุฑูุฒ ุณุงุฏู ุจูุฏู ุง ููุท ุณูุงูุง ุฑู ุณุฑุณุฑ ุจุฑุฑุณ ฺฉุฑุฏู ู ุง ุฏูู ุฒูุงูฺฏุฑ ุฒุฏู ... ุงุชูุงูุง ูุฑุงุจุช ุงุฏุจุงุช ุฏุฑูุฒ ฺฉ ุงุฒ ฺุงูุดโุชุฑู ูุฑุงุจุชูุง ุจูุฏ ูู ฺูู ุฏุฑ ุณูุงูุงุช ุฏุฑฺฉ ูุทูุจ ุนุฑุจ ู ุฒุจุงู ูู ุฏุงูโูุง ููุดููุฏุงูู ุง ฺฏุฐุงุดุชู ุดุฏูุจูุฏ ู ููุดุฏ ุฏุฑุตุฏ ููุช ฺฏุฑูุช ... ูู ฺูู ฺฏุฒูุด ุณูุงูุงุช ุฒุจุงู ู ููุฑ ุจุนุฏ ุงุฒ ุฑุดุชูโูุง ูุธุฑ ุงูุฌุงู ูุดู ู ุณูุงูุงุช ุงุฏู ุฏุงุฑ ู ฺุงูุด ุงฺฉุซุฑุง ุจุฑุง ุงูู ุฑุดุชูโูุง ูุณุชู,1
ุงุชูุงูุง ูุฑุงุจุชโูุง ุฎู ุณุงุฏู ุจูุฏ. ูุณูุช ุณุฎุชุด ุขุฑุงู ุจูุฏ ููุท,0
ุฒุฏู ุณูุงูุงุฑู ุ ุงูุตุงูุง ูุณุจุช ุจู ูพุงุฑุณุงู ุณุงุฏู ุจูุฏ,0
ุฏูุณุช ุนุฒุฒ ุจูุชุฑู ุจู ููุฏฺฏู ุงุถุทุฑุงุจ ูุงุฑุฏ ูฺฉูู. ฺูู ุดุงุฏ ุงูู ุณูุงู ฺฉู ุจุฑุง ุดูุง ุณุฎุชู ุจุฑุง ู ููุฑ ุฏฺฏู ุฑุงุญุชู ูู ุจุง ุญุฑู ุดูุง ุงุณุชุฑุณ ูฺฏุฑู ู ุขุฒูููู ุฎุฑุงุจ ูฺฉูู. ุชุญูู ุขุฒููู ุงุฒ ุฒุจุงู ุฏุงูุด ุขููุฒุงู ุฏุฑุณุช ูุณุช ฺูู ูุฑฺฉ ุจุฑุญุณุจ ุดุฑุงุทุด ู ูุธุฑ ุฏุงุฑู. ุงูุดุงุงููู ุจูุชุฑู ุงุชูุงู ุจุฑุง ููููู ููุชู ู ู ุขุฒููู ุนุงู ุฑู ูพุดุช ุณุฑ ูุฐุงุฑู. ูููู ุจุงุดุฏ ุฏูุณุชุงู๐,0
ุจูุชุฑู ุชู ุงู ุดุฑุงุท ุจู ูู ุขุฑุงูุด ุจุฏู ุฏูุณุช ุนุฒุฒ ุญุช ุงฺฏู ุญุฑูุชู ุฏุฑุณุช ุจุงุดู ุงุฎูุงู ูุณุช...ุจุนุถโูุง ุงุฒ ุงุณุชุฑุณ ุจุง ุงูฺฉู ุฎูุจู ุฎุฑุงุจ ูฺฉูู,0
ูููฺ ุฌุงู ูุทูุง ุชุง ุณุงุนุช 3 ุงูุง ูพุงุณุฎ ุชุดุฑุญ ุฑุงุถ ูุงุฑู ุจุฒุงุฑ ุจุฑุง ูุฑุฏุง ุจุฎููู,1
ุจฺูโูุง ุนููู ููุฑ ุฑู ุฒุฏู ุฏุฑุตุฏุงู ุงูุง ุดุฏ ุงุฏุจุงุช 36ุนุฑุจ68 ุฏู 50.7 ุงูฺฏูุณ 94.7 ููุญุตุฑุง ุฒุจุงู ูุฎูุงู ุขุฒููู ุจุฏู ุจุง ุฏุฑุตุฏ ุชุฎุตุต ุญุฏูุฏุง 70 ูุดู ุฏุจุฑ ุงูฺฏูุณ ุง ุขููุฒุด ุฒุจุงู ูุจูู ุดุฏ ุฏุงูุดฺฏุงู ุฎูุจุ,1
ุฏุจุฑ ฺฉู ููุดู ูุทุน ฺฏูุช ฺูู ุจุณุชฺฏ ุฏุงุฑู ุจู ูุงุฒ ุขููุฒุด ูพุฑูุฑุด . ูู ุขููุฒุด ุฒุจุงู ุตุฏุฑุตุฏ ู ุดูุฑ ุฎู ุฎูุจ ูุจูู ูุด ๐,0
ูู ุงุญุณุงุณ ูฺฉูู ฺฉูฺฉูุฑ ุงูุณุงู ููุทูโุชุฑ ู ุฑุงุญุชโุชุฑ ูุณุชุด. ุจู ุงูุฏ ููููุช ุจุฑุง ุฎูุฏู ุฏุฑ ุงุฒููู ุชุฌุฑุจ,0
ูู ฺฉู ุงุฏุจุงุช 99 ุฑุง ุฏุฏู ุทุฑุงุญ ุดูุดุฑู ุงุฒ ุฑู ุจุณุชู ุจูุฏ ูู ุงุฏุจุงุช ููุฑ ุงูุณุงู ุฎู ูุนูููโุชุฑ ุดุฏู,1
ุจฺูโูุง ุจุฑุงู ุชุงุฑุฎ ุงุฏุจุงุช ุจุงุฏ ฺฉุฌุงูุง ุฑู ุจุฎููู ุชุง ุจุชููู ุจู ุงู ุณุจฺฉ ุณูุงูุง ุฌูุงุจ ุจุฏู ุุฎูุงูุด ูฺฉูู ุณุฑุน ุฌูุงุจ ุจุฏู ุจฺู ูุง,1
ูุงุฏู ูุฑู ุฏุงุด ฺู ูุฎูุง ุจุฒู ูุนููุง ููู ูฺฏู ุงู ุชุณุช ุณุฑฺฉุงุฑู ุจูู ููู ุชุฑู ุงูู ูุฒู ูฺ ููุดู ุงูฺฉ ููุชุช ูุฑู ุงููุง ูุบุช ุญุช ุงุฒุด ููู ุชุฑู . ุญุงูุง ุฎูุฏุช ูุฏูู,0
ุชูุฑูโูุง ุจุนุฏ ูุฑ ุฏุฑุณ,0
ุณูุงู . ุณุคุงูุงุช 18 .19 ู 23 ุงุฒ ุจุฎุด ูุฑุงุจุช ฺุงูุด ุจุฑุงูฺฏุฒ ุจูุฏ .,1
ุฏููุง ูู ูู ุบูุท ุฒุฏู:/,0
ุจฺู ูุง ฺฉู ฺฉูฺฉูุฑ ุฏุงุฏู ุฏูุชุฑฺูโูุง ุนููู ุฑู ุฌูุน ฺฉุฑุฏู ุจุนุฏ ุงุฎุชุตุงุตุงุฑู ุฏุงุฏู ุง ุฌูุน ูฺฉุฑุฏูุ,1
ุฌูุน ูฺฉูู,0
ุฌูุน ูฺฉูู ุนุฒุฒู,0
ุงุฏุจุงุช ู ุนุฑุจ50ุฏู ู ุฒุจุงู 70 ุงุฎุชุตุงุต ูุงูฺฏู 50 ูุดู ุขุฒุงุฏ ูพุฒุดฺฉ ุขูุฑุฏุ,1
ฺฉูฺฉูุฑ 99 ููู ุฏุฑุตุฏุง ูพุฒุดฺฉ ุขุฒุงุฏ ฺฉู ฺู ุนุฑุถ ฺฉูู ุ ูพุฒุดฺฉ ุฑูุฒุงูู ูู ุจู ุฑุงุญุช ูุจูู ูุดู,0
ูพุฒุดฺฉ ุณุฑุงุณุฑู ูุงุฑู,0
ุจุณุชฺฏ ุจู ฺฉูฺฉูุฑุด ุฏุงุฑู,0
ุฏูุณุชุงู ููู ุฏุฑุตุฏุงูู ูุฎูุงู ุจฺฏู ูุงุฑุณ98 ุนุฑุจ99ุฏู100 ุฒุจุงู ฺฏูุฏ ุฒุฏู ุดุฏ 86 ููุท ุงููุฏู ุจฺฏู ุจ ูุทุงูุจ ุทูุฒ ุฏูุณุชุงู ุชูุฌู ูฺฉูุฏ ฺฉุงุฑ ุฎูุฏุชููู ุจฺฉูุฏ ุทุฑู ุฏุจุฑู ูุงุฏ ูฺฏู ุจุงูุง 50 ุฒุฏู ุจุงุด ูุงุฑุณู ุฎู ูุฑุฏ ูู ฺฉ ุฏูุณุช ุนุฒุฒ ูุงุฏ ูฺฏู 80 ุฒุฏู ููุฏููู ุฏู 90 ุฒุฏู ุฑุงุณุช ู ุฏุฑูุบุด ูุถุงูุช ูุง ูุณุช ..ูุงุงูุฏ ุดุฏู ุจ ุฎูุฏููู ุท ูุธุฑุงุช ุญุถุงุฑู ุจุงุฏ ุชูุฌู ฺฉูู ูููุงู,1
ููุท ุงููุฌุง ฺฉู ุฒุจุงูู ูฺฏู ฺฏูุฏ ุฒุฏู๐คค ุฏุณุช ุฎูุด๐คฃ,0
ุงฺฏู ฺฉุดู ูุฒู ูุดู 96 ุงฺฏู ฺฉุดู ุบูุท ุจุฒู ูุดู 94.7.....ุจุนุฏ ุดูุง ฺุฌูุฑ 99 ู 98 ฺฏุฑูุชุ๐คฃ๐คฃ๐คฃ,0
ุงฺฏู ููู ุฑู ุฏุฑุณุช ุจุฒูู ู ู ุงุดุชุจุงู ุฏุงุดุชู ุจุงุดู ูุดู 98,0
ฺุทูุฑ ูุงุฑุณ 98 ุฏุฑุตุฏ ุ! ุงฺฏู ููู ุณูุงูุงุฑู ุฏุฑุณ ุจุฒู ู ููุท ู ุฏููู ุฌูุงุจ ูุฏ ูุดู 96ูช,0
๐๐๐,0
ุฏูุณุชุงู ุดูุงู ุฏุงุดุชู ุงุฒุชูู ูู ูุงูฺฏู ุชุฑุงุฒ ุณุงู ูพุดู 6100ุจูุฏ ุงูุณุงู ุณุงู ุฏูู ฺฉูฺฉูุฑู ุจูุฏู ุดุฑฺฉุช ูฺฉุฑุฏู ฺฉ ุชุฑุงุฒ ุฏุงุดุชู ุจุงุดู ูู ุงุฏุจุงุช 76 ุฏู 80 ุนุฑุจ 85 ู ุฒุจุงู ุฑู ุญู ูฺฉุฑุฏู ุจ ูุธุฑุชูู ูู ูุชููู 5000 ููุทูู 2 ุจุดู ุงูู ุจฺฏู ูู ุงุญุณุงุณ ฺฉุฑุฏู ุงุฒ ุณุงู ูพุด ุงุณููโุชุฑ ุจุงุดู ุงูุง ุฏู ููุฑ ุณุงู ูพุด ูู ุจ ุงุณูู 90 ุฒุฏู ุงูุง ุงูุงู ุจุง ฺฉู ุณูุงู ุดฺฉ ุฏุงุฑ 80 ุฒุฏู ุงุฏุจุงุช ูู ุงุณููโุชุฑ ุจูุฏ ฺูู ุงูุชุธุงุฑ ุณูุงูุงุช ุจูุฏ ุฏุฑ ฺฉู ุงฺฏุฑ ุงู ุณูุงูโูุง ุฑู ูู ุณุงู ูพุด ูุฏุงุฏู ูฺฏูุชู ุณุฎุชู ฺูู ุงูุชุธุงุฑุดู ูุฏุงุดุชู ุงฺฏุฑ ูุดู ูุธุฑุชูู ุฑู ุฏุฑููุฑุฏ ุฏุฑุตุฏุงู ุจฺฏุฏ,1
ูุงูุง ุจุง ุฎููุฏู ูุธุฑุงุช ุจฺูโูุง ู ุฏุฑุตุฏุงุดูู ุจู ุงู ูุชุฌู ุฑุณุฏู ููู ุงูุณุงู ุฑุชุจู ฺฉ ูุดู ููุท ู ููุฑ ุฏูู ูุดู ุงููู ููู๐,1
ุงุฏูู ูพุงุฑุณุงู ุจุนุฏ ุงุฒ ฺฉูฺฉูุฑ ุชุฌุฑุจ ฺฉู ุงููุฏู ุณุงุชุ ููู ุดู ุฑู ุจุงูุง 70ุ 80 ุง ุญุช 90 ุฒุฏู ุจูุฏู๐,0
ุชููุง ูุณุช๐โค,0
ุฏููุง ๐,0
ุฏููุง ุฒุฏ ุจู ูุฏู,0
ุจฺูโูุง ูุดุช ุดุฑูุน ฺฉุฑุฏุฏุุง ูุดุช ู ููุ,1
ูุดุช ู ูู๐,0
ูุดู ุฎูุงูุดุง ู ููุฑ ุจฺฏ ุงุฎุชุตุงุต ูุณุจุช ุจ ูพุงุฑุณุงู ุงุณููโุชุฑ ุจูุฏ ุง ุณุฎุช ุชุฑุฑุ,1
ุณุฎุช ุจูุฏ ุงูุณุงู,0
ุฏุฑ ฺฉู ุณุฎุชโุชุฑ ุจูุฏ,0
ุจูู ุจูุชุฑ ุจูุฏุ,0
ุฏุฑฺฉ ุจุดุฏุช ุณุฎุชโุชุฑ ุจูุฏ,0
ุขุฒููู ุงุตูุง ุณุงุฏู ูุจูุฏ ูู ููุดู ฺฏูุช ุขุณููู.,1
ุดูุง ูููุฏู ฺ ฺฏูุชูุ๐,0
ุงููุง ฺฉู ูฺฏู ุฎู ุขุณูู ุจูุฏ ุฎุฏุง ุจุฑู ูุณโูุง ูุดุงูุฑโูุง ุฑุชุจู ุจุฑุชุฑโูุง ฺฏูุด ุจุฏู ุจุจูุฏ ฺ ูฺฏู ุงุฏุจุงุชุด ุณุฎุช ุจูุฏ ุฏู ฺฉู ุณุฎุชโุชุฑ ุนุฑุจ ู ุฒุจุงู ูุชูุณุท ุจูุฏ ุงูุตุงูุง ุงููุง ฺฉู ูฺฏู ุขุณูู ุจูุฏ ....,1
ุงูุฌุง ูููุทูุฑู ูพุงุฑุณุงูู ุจุฏ ฺฉูฺฉูุฑ ููู ุงููุฏู ุจูุฏู ุฏุฑุตุฏุง ุฑู ููุฏ ุจูุฏ ูู ุจุฏุด ูุชุฌูโูุง ุฑู ุฏุฏุฏู ููู๐๐,0
ูู 70 ุฒุฏู ุงุฏุจุงุชู,0
ุขุฑู ููู ุฏุฏู ุงุณุชุงุฏ ุงูุฎู ูุงุณู ุงุฏุจุงุชุด ฺฏูุชู ฺฉ ุงุฒ ูุญุดุชูุงฺฉโุชุฑู ฺฉูฺฉูุฑุง ุจูุฏู ู ุงฺฏู ฺฉุณ 50 60 ุฒุฏู ุฎู ุนุงู ุฒุฏู,0
ูู ุฏุฑูุบ ูฺฏู ุจู ุฎุฏุง ุฎูุฏู ฺฏูุด ฺฉุฑุฏู ูุณ ูฺฏู ุงฺฏู ูุงุฑุณ ุฑุง ุจุงูุง 40 ูโุฒุฏู ูุซู ุงูฺฉู 70 ุฒุฏ ุฏุฑูุบ ูุฏุงุฑู,0
ุชูุฑูุฎุฏุงุฌุฏ ูฺฏ๐ซ๐ซ๐ซ,0
ฺุฑุง ููุท ุงุฒ ุนูููุงุด ุญุฑู ูุฒูุฏ ุนู ุงุฎุชุตุงุต ููู ุฑู ุตูุฑ ุฒุฏูุ,1
ฺูู ุงูุง ุงฺฉุซุฑู ุฑุงุถ ุชุฌุฑุจ ุงูุณุงูู ุฏุฑ ููุฑุฏ ฺ ุงุฎุชุตุงุต ุญุฑู ุจุฒูู!ุ ุนูููโูุง ฺฉุณุงูู ุจู ุฑุดุชู ูุง,0
ูุตู ฺฉุงุฑุจุฑุง ุฏุงุฑู ูฺฏู ุนุง ุขุฑู ุฎู ุขุณูู ุจูุฏ ฺุฒ ูุฏุงุดุชุ ุจุนุฏ ููุฏููู ุงูู ูุงูฺฏู ุฏุฑุตุฏุง 10 ู 20 ุชู ูุฑ ุฏุฑุณ ุฑู ฺฉ ูุฒูู ุ! .... ูฺฉ ฺฉูู ุขุฏู ูุถุงุง ูุฑู ฺฉูฺฉูุฑ ูุฏู ุจู ุฌุง ุจฺูโูุง ๐๐ค,1
ูู ุฎุฏุงุด ุณุฎุช ูุจูุฏ,0
ูู ุฌู ฺฉูฺฉูุฑ ุฎุฑุงุจ ูพุฑุงุฒ ุงุณุชุฑุณ,0
ุจฺูโูุง ุดูุง ฺฺฉุงุฑ ูฺฉูุฏ ุงูุงู ูู ุฎู ุฎุณุชู ๐คฎ๐คฎ๐ค๐ค,1
ุจุฑูฺฉู ุงุณุชุฑุงุญุช ฺฉู ุงู ฺุฒ ฺฉู ุญุงูุชูุฎูุจ ฺฉูู ูุซูุงุงููฺฏ ฺฏูุด ฺฉู,0
ุง ฺฉุงุด ฺฉูฺฉูุฑ ูุง ูู ุฏุฑ ุงู ุญุฏ ุขุณูู ู ูุนููู ุจุงุดู ุจู ุบุฑ ุงุฒ ฺูุฏ ุณูุงู ุงุฏุจุงุช ุจูู ุณูุงูุงุช ุฏุฑ ุณุทุญ ฺฉุชุงุจ ุจูุฏ ู ุฎูุจ ุฎููุฏู ฺฉุชุงุจ ุจุฑุง ุฏุฑุตุฏ ุฎู ุฎูุจ ุชุถูู ุจูุฏ,1
ฺุฑุง ุงูฺฉ ุฌู ูุฏ ุณูุงูุงุช ูุซู 99 ุจูุฏ ููฺู ุขุณูู ูู ูุจูุฏ,0
ูุฑุณุงูู ูููุฌูุฑู ุงูุง ุณุฑ ุฌูุณู ู ุชู ุฎููู ุฌูุงุจ ุฏุงุฏู ุจู ุณูุงูุงุช ุฎู ูุฑู ุฏุงุฑุน,0
ุณุทุญ ุณูุงูุง ุขุฒููู ุณูุฌุด ฺุฌูุฑ ุจูุฏู ุจุฑุง ุชุฌุฑุจุ!,1
ุฏุฑุฌู ุณุฎุช ุงุฎุชุตุงุตุง ููุฑ ููุดู ุงูุฌูุฑู ุง ุงูุณุงู ุงูุฌูุฑ ุดุฏู,1
ุฑุฏูฺฏโูุง ฺุทูุฑ ุจูุฏูุ,1
ูุชูุณุท ุจูุฏ,0
ูุฎููุฏู ุฑุฏ ฺฉู ุจุฑู,0
ุณูุงู ูุฑุณููุฏู....,0
ุชูุฑูุฎุฏุง ุงู ฺู ูุถุนู ุชุงุฑุฎ ุงุฏุจุงุชู ฺฉู ุฏูุณุงูู ุฏุงุฑู ุงูุฌูุฑ ูุงุฑู๐ข,1
ุดูุง 100 ููุฎูุงุฏ ุจุฒู 96 ูู ุฑุงุถู๐,0
ูุฏูู 4ุฏุฑุตุฏฺูุฏุฒุงุฏู ุจุฑุง ุฎูุฏุด ฺฉู ูฺฏ ู ุณูุงูู,0
ู ุดูุง ฺฉู ูฺฏู ุฏููู ูููุดู 4 ุฏุฑุตุฏู ูุง,0
ุฏููุง ุจุงุฏ ููุชุงุฏ ูุชูู ุจุช ุญูุธ ฺฉู ุชุง ุจุชูู ุจุฒู ๐๐,0
ู ุฏููู ุณูุงูู ๐๐๐,0
ุจฺูโูุง ุชูฺฉูุชูู ุจุฑ ุฎุฏุง ุจุงุดู ู ุจุง ุญุฑูุง ุจูู ฺฉู ููุฏููุฏ ฺฉ ูุณุชู ู ฺฉุฌุงูุุจู ุฎูุฏุชูู ุงุณุชุฑุณ ูุงุฑุฏ ูฺฉูุฏ.ุจู ุงูุฏ ุจูุชุฑู ูุชุฌู ุจุฑุง ููู ููู.,1
ุฏูุณุชุงู ุจ ุชุนุงุฑู. ู ุฑูู ูพุงู ุฏุงุฏู ุฑุดุชุด ุฑุงุถู. ุงุฏุจุงุช ุฏุฑ ุญุฏ 50. ุฏู ุนุฑุจ ุฏุฑ ุญุฏ 60. ุฒุจุงู ุฏุฑุญุฏ 50 60. ุฑุงุถุงุช 10 . ูุฒฺฉ ุดู 30. ฺฏูุชู ุฒุฑ 5000 ุงูุฏ ูุณุช ุจูุด,1
ููุทูู 3 ุงฺฏู ุงุฎุชุตุงุตุงุดู ฺฉ ุจุงูุง 50 ุจุฒูู ุฏุฑุณุช ูุดู,0
ุงุฎุชุตุงุตุงุชู ฺฉูู ุจุงุฑ ุจุงูุง ุญูู,0
ููุทูู3ุจุงุดู ุงุฑู,0
ูุทุนุง ูุณุช,0
ุงุฏุจุงุช 60 ุนุฑุจ 76 ุฏู 78 ุฒุจุงู 63 ูุดู ุฒุฑ ูุฒุงุฑ ุดุฏ ุชุฌุฑุจ ููุทูู 3,1
ูพุณ ุงุฎุชุตุงุตุงุชุ,0
๐คฌ ููู,0
ุณูุงู ูุดู ุณูุงู 49ููุฑู ุจุฑุงู ุชูุถุน ุจุฏู ู ุงูฺฉ ูุฑู ุนุฒูุช ู ุนุธูุช ฺูุ!,1
ุนุฒูุช ุนู ูุตุฏ ุณูุฑ ุนุธูุช ุจุฒุฑฺฏ..,0
ุฎู ุงูุช ุฏุงุดุช ุจู ูุธุฑ ุณูุงูุง ูุณุจุช ุจู 99,1
ุณูุงู ุจู ููู ฺฏูุง ุฑุดุชู ุฑุงุถ ูู ุงูุฑูุฒ ุขุฒูููู ุงุฏุจุงุช ู ุนุฑุจู40ุฒุฏู ุฏู60 ู ุฒุจุงูู 65 ุดูุง ฺู ฺฉุฑุฏุฏ ูุทูุง ูุซู ุจูู ุฏุฑุตุฏุง ูุถุง ูฺฏู๐๐(ุฎูุฏุชูู ูููุฏู ฺฉุฏูู ุฑุดุชู ุฑู ูฺฏู) ุจุฑุง ููุชูู ุงุฒ ุชู ุฏู ูุฑุฏุง ู ุฑูุฒ ุทูุง ุขุฑุฒู ูฺฉูู,1
ูุงุฑุณ ุญุฏูุฏุง 40(ฺูู ูพุงุณุฎูุงูู ุงุฏุจุงุช ุจู ุนููุง ุงุฎุชูุงู ุงูุชุงุฏู ุจูุฏ)ุนุฑุจ 68 ุฏู 50.7 ุงูฺฏูุณ 94.7,0
ูู ูุงุฑุณ 52 ุนุฑุจ 33 ุฏู 61 ู ุฒุจุงู 68 ุฒุฏู,0
ูุงุฑุณ 31 ุนุฑุจ 73 ุฏู 84 ุฒุจุงู 56,0
ุฐูู ุฎูุฏุชู ุฏุฑฺฏุฑ ูฺฉู ุงูุงู ูุฑ ฺฉ ุจุงุฏ ุงุตูุง ุฏุฑุตุฏ ูุงูุนุดู ุจฺฏู ฺู ูุฑู ุจู ุญุงู ุชู ุฏุงุฑูุ ูุฑุฏุง ฺฉูฺฉูุฑ ุฏุงุฑ ฺฏูุดู ุจุฐุงุฑ ฺฉูุงุฑ ุจุฑู ุงุณุชุฑุงุญุช ฺฉู ฺฉู ุฐููุช ุงุฑูู ุจุงุดู ุจู ุฎูุฏุช ุธูู ูฺฉู,0
ุฑุงุถ ูููุฏุณ ูโฺฏูุช ุงูุณุงู ฺฉูุชุฑู ุชุนุฏุงุฏู ุญุช ุงุฒ ุฑุดุชูโ ุฒุจุงู ฺฉูุชุฑ ุชูุฑุจุง ุงูุฏุงุฒู ููุฑ. ุนููู 60 ุชุฎุตุต 30 ุฑุชุจู ุฒุฑ 3000 ูุฏู. ุงูุจุชู ูพุดุช ฺฉูฺฉูุฑุง ุฑุงุถ ุจูุชุฑู ูุดู ฺูู ูุฌุงุฒ ุจู ูุฑุงุชุจ ุจุงุฒุฏู ุฑู ูพุงู ูุงุฑู. ูุฑ ฺ ุฎุฑู ุจุฑุงุชูู ูพุด ุจุงุฏ. ุงูุณุงู ุณุงู ุณุฎุชู ุจุฑุง ุงูุณุงูุง.,0
ุฑุดุชู ุงูุณุงูู ูุงุฑุณ38//ุนุฑุจ68//ุฏู70//ุฒุจุงู0๐ถ๐ถ,0
ุงุฏุจุงุช 59 ุนุฑุจู 65 ุฏู 70 ุฒุจุงู 69 . ุจฺูโูุง ุงฺฏู ูุดู ูุธุฑุชูู ุฑู ุจฺฏู (ูุฏูู ูพุฒุดฺฉู ูุณุช ุฏุงุฑูุณุงุฒู ุชูุฑุงูู),1
ุงูุดุงุงููู ุนุฒุฒู,0
ุชูฺฉูุช ุจู ุฎุฏุง ููู ุฑุดุชู ุชุฌุฑุจู ุงูุดุง ุงููู ุฌูุชููู ุจุง ุชูุฑฺฉุฒ ู ุขุฑุงูุด ู ุชูฺฉู ุจู ุฎุฏุง ฺฉูฺฉูุฑู ูุฏู ูุชุฑฺฉููู.ุงูุจุชู ูู 7000 ูพุงุฑุณุงูู ุจุฎุงุทุฑ ููู ูฺฏู ุณุน ฺฉู ุชุง ุฌุง ฺฉู ูุชูู ุขุฑูู ุจุงุด ู ุงุณุชุฑุณ ูุฏุงุดุชู ุจุงุด.ูู ูพุงุฑุณุงู ุณุฑ ููู ุฎุฑุงุจ ุดุฏ ุฑุชุจู.ุฏุฑุตุฏุง ููู ุชูุฑุจุง ููู ูุงู ูุงู(ูุงุฑุณ 51 ุนุฑุจ 85 ุฏู 76 ุฒุจุงู 50) ููุท ฺฉุงุด ูุงู ูุงูู ููู ุฌูุฑ ุฑููู ู ุงุณุชุงูุฏุงุฑุฏ ุจุงุฏ.ูู ุฌู ูฺฏุฑุดูู.๐,0
ุงูุดุงููู ุจุดู ูููู ฺฉู ูุฎูุง ุฏูุณุช ุนุฒุฒ,0
ุชู ุฒูู ฺูุฏ ูุฒูุุ ฺูู ูู ูุฏูู ุฏุงุฑูุฆู ุงูุจุชู ุดุฑุงุฒ,0
ุจุง ุฏุฑุตุฏ ููุฑ ุฏูุจุงู ุฑุชุจูโ ูพุฒุดฺฉุ,0
ุงุฏุจุงุช 45 ุนุฑุจ 94 ุฏู 89 ุฒุจุงู 42,1
ุจฺูโูุง ุจู ูุธุฑุชูู ูุงุฑุณ ู ุนุฑุจ ุงุฒ ฺู ุฏุฑุตุฏ ุจู ุจุงูุง ุฎูุจู(ุฑุชุจู ุฒุฑ 500),1
75 80 ุจู ุจุงูุง,0
ุณูุงู ุ ุจูุชูู ุงุฌุงุฒู ุงูุฑุฏู ุฏูุชุฑฺู ุฑู ุจู ุฎููู ุฏุงุฏู ุง ฺฏุฑูุชู ุฏูุชุฑฺู ุฑูุ,1
ุงุฌุงุฒู ููุฏู,0
ุฏูุณุชุงู ูุตู ฺฉุณุง ฺฉู ุงูุฌุง ูฺฏู ูุง ุงุฏุจุงุช ููุงู ุฒุฏู ุจููุงู ุฒุฏูุ ุฏุฑูุบ ูฺฏู . ูู ูพุงุฑุณุงู ุจุง ุงู ุฏุฑุตุฏุง ุดุฏู 6100 ุชุฌุฑุจ. ุงุฏุจุงุช: 36 / ุนุฑุจ: 70 / ุฏู: 73 /ุฒุจุงู: 44 / ุฒูู: 10 / ุฑุงุถุงุช : 33 / ุฒุณุช: 66 /ูุฒฺฉ : 34 / ุดู : 28. ู ุฏุฑุณ ุจุงูุง ูุดุชุงุฏ ูุฏุงุดุชู. ู ุชุฎุตุต ุจุงูุง 50 ูุฏุงุดุชู. ุจู ูููู ฺฉู ุฏู ุฑู ุณู ุฑูุฒ ูููุฏู ุจู ฺฉูฺฉูุฑ ุฎููุฏู. ุนุฑุจูู ูุฎููุฏู ููุท ููุงุนุฏ ู ฺฉู ุฏุฑฺฉ ูุทูุจ. ุดุงุฏ ุงุฒ ุจู ูููโ ุฏุฑุณุง ูุงุณู ุงุฏุจุงุช ู ุฒุณุช ุฒุญูุช ฺฉุดุฏู! ุฏูุณุชุงู ุจู ุญุฑู ุงู ุงูู ฺฏููุง ุชูุฌู ูฺฉูุฏ. ูุฏุงุฑู ฺฉุณ ุนุฑุจ ุงุฏุจุงุช ุฏู ุดู ุจุงูู 100 ุจุฒูู,1
ุจุจุฎุดุฏ ุดูุง ฺฉู ูุฑููุฏุฏ ุฑุชุจุชูู 3000 ุดุฏู ุ ูุดู ุจฺฏุฏ ุงูุงู ฺู ุฑุดุชู ุง ูุจูู ุดุฏูุ๐๐๐,0
ู ุงูฺฉู ฺู ุณููู ุง ุฏุงุดุชูุ,0
ุฎุจ ุงูุงู ฺู ุฑุดุชู ุง ูุจูู ุดุฏ ุ,0
ุนุงู ฺฏูุช,0
ูู ูฺฉ ูฺฉูู ุจุง ุงู ุฏุฑุตุฏุง ุจุงุฏ ุจูุชุฑ ูุดุฏุฏ ๐๐ข,0
ุงุญุณูุช ุจู ุบุฑุชุช,0
ฺฉุงููุง ุฏุฑุณุชู ุจฺูโูุง ูู ุฎูุฏู ูพุงุฑุณุงู ููู ูููุน ููู ฺฉุงููุชุงุฑู ูุฎููุฏู ุงูุงูู ุฏุงุฑู ูุฎููู.ุจู ุฏุฑุตุฏูุง ูุฌูู ุจูู ุชูุฌู ูฺฉูุฏ ู ุงูฺฉ ุงุณุชุฑุณ ูฺฏุฑุฏ ูู ุฎูุฏู ูพุงุฑุณุงู ฺฉูฺฉูุฑ ุชุฌุฑุจ ุฏุงุฏู ููู ุงุฎุชุตุงุต ูุงุฑู 40ุฒุฏู.ุนุฑุจ ุฑู 70ุฒุฏู ุฏู ุฑู 90ู ุฒุจุงู ู ุงุฏุจุงุช ุฑู 30 ุฑุชุจูู 3000ุดุฏ,0
ฺฉูู ุฏูุชุฑฺู (ุฏ)ุจู ฺ ุตูุฑุช ูุณุช ุฏูุณุชุงู.ููููู ูุดู ุฑุงูููุง ฺฉูุฏ.ฺูู ูู ุฏูุชุฑุฌู ุฏ ุจูุฏ ูู ุงู ฺฉูุฏ ูุงุจุฑุงุณุงุณ ุฏูุชุฑุฌู ุฏ ูุณุชู,1
ุจู ุงู ุฏูุชุฑฺู ูฺฏุงู ุจูุฏุงุฒ ู ฺฏุฒูู ูุง ุฑู ฺฉู ุฒุฏ ุฑู ุฏุฑ ุงู ุฏูุชุฑฺู ูพุฏุง ฺฉู ู ุทุจู ุงู ุงุตูุงุญุด ฺฉู,0
ูู ูฺููุช ููุณูู ุงู ุฏุฑุตุฏ ฺฏูุชูุงุฑู ููููุฏู .... ุงูุงู ุดุฑู ุจุฏู ุ ุฎูุจ ฺฺฉุงุฑ ฺฉูู ุ ุงุฑุงู ุจุงุด ู ุงููุฏุฑ ุญุฏุณุงุชุช ุฑู ูฺฏู ูุฑุณ ุงู,1
ุณูุงู 64 ูุฑุถ ูฺฉูู ูู ุจูุฏ ูุณุชู ูู ุงูู ุงุฏูู ฺฉู ุงุตูุงู ูพุงูุจุฑ ุฏุฑุจุงุฑู ุนุฐุงุจ ุงูู ฺุฒ ูฺฏูุช ุงู ุงูุงู ุฑุถุง ุจูุฏ ฺฉู ุงู ุญุฑู ุฒุฏ ุงุตูุงู ุงู ุณูุงูู ุงุดฺฉุงู ูุฏุงุฑูุ,1
ูุดฺฉู ูู ุงุฒ ุงู ูุณุช ฺฉู ุงุฒ ฺู ฺฉุณ ููู ุดุฏู ุงูุงู ุฑุถุง ูฺฏู ุฏฺ ูุณุชุญฺฉู ุงูู ูู ุงูุฌุง ููุดุชู ุฏฺ ูุณุชุญฺฉู ุชูุญุฏ ู ุบูุทู ฺูู ุฏฺ ูุณุชุญฺฉู ุงูู ุนู ููุงุช ู ุชูุญุฏ ูู ุงูุฌุง ููุท ุชูุญุฏ ฺฏูุชู ฺฉู ุงุตูุงู ุชู ฺฉุชุงุจ ฺุฒ ุงุฒ ุชูุญุฏ ูููุฏู ู ุฌูุฑ ุทุฑุงุญ ุฎู ุฏูุด ูพุฑ ุจูุฏู,0
ุงู ุญุฏุซ ุฏุฑ ุฒููู ุญูุธ ุณุฎูุงู ู ุณุฑู ูพุงูุจุฑ ุงููุฏู... ุงูุงู ุฑุถุง(ุน) ูุฑููุฏู ูู ุงุฒ ูพุฏุฑู ุงูุงู ฺฉุงุธู ู ุงุดุงู.....ุงูุงู ุนู ู ุงุดุงู ุงุฒ ูพุงูุจุฑ ุงฺฉุฑู ุดูุฏ ฺฉู ูุฑููุฏ...,0
ุณูุงู ุฏูุณุช ุนุฒุฒุ ุงู ุญุฏุซ ุงุฒ ูพุงูุจุฑ ุงฺฉุฑู(ุต) ูุณุชุด ุฏฺฏู! ุจุฎููู ููููู ุตุญูู 125 ุฑู ูุชูุฌู ูุดู...,0
ุงฺฏู ูุชู ฺฉุชุงุจ ุฑู ุจุฎูู ุงูุงู ุฑุถุง ุงุฒ ุฒุจุงู ุญุถุฑุช ูุญูุฏ ฺฏูุชู ูู ุงุฒ ุฎูุฏุด,0
ุงฺฏุฑ ุฏูุช ฺฉูุฏ ูุชูุฌู ูุดู ฺฉู ุงูุงู ุฑุถุง ุงุฒ ููู ูพุงูุจุฑ ุงู ุญุฏุซ ุฑู ูุฑููุฏูุฏ.,0
ุจูู ุญุฏุซ ุณูุณูู ุงูุฐูุจ ูุณุชุด ูุดฺฉู ุฏุงุฑู,0
ูุงู ฺฉุฏูู ุฏูุชุฑฺู ูุณุชุดุ ุขุ,1
ุงุฏุจ : 88 ุนุฑุจ: 100 ุฏู:86 ุฒุจุงู:100 ... ฺฉูุง ุจู ูุธุฑู ุงูฺฉ ุจูุฏ. ุงุดุงูุง ุฒุฑ 50 ุดู.,1
ุฏูุณุช ุนุฒุฒ ูู ุฑุดุชู ุชุฌุฑุจ ุงุณุช ู ุฏูุณุงูู ฺฉู ูพุดุช ฺฉูฺฉูุฑ ูุณุชู ุฏุฑุตุฏ ุฏุฑุณ ูุงู ุงู ูุฏุฑ ูุณุช .ูฺฏู ูุฑุถ ุฏู ุจฺูโูุง ุฑู ุฎุงู ูฺฉู,0
ููุฏููู ฺุฑุง ุฎูุฏู ฺฏุฑูุช,0
ุฒุฑ ูพูุฌุงูโูุง ฺฉูฺฉูุฑ ฺฏูุด ูุฏุงุฑู๐๐๐,0
ูุชุงุณูู ุงูุง ฺู ุงูุชุธุงุฑู ุงุฒุช ุจุดุชุฑ ุจูุฏ,0
ูููู ุจุงุดุฏ:))),0
ูุฑุฏุง/ูพุณ ูุฑุฏุง ูุจููุช,0
ุจุงุดู.....,0
ุขูุฑูุ ุจู ุงูุฏ ููููุช,0
ูู ... ฺฉู ุฒุฏ,0
ุฎูุฏ ูุนููุง ู ุงู ููู ฺฉูุฏ ฺฉู ุฏุงุฏู ุฎู ุณูุงูุง ฺฏุฒููโูุง ูุชูุงูุช ุฒุฏู ุงุฒ ุฑู ฺ ุชุตุญุญ ฺฉุฑุฏ ฺฉู 100ุดุฏ๐,0
ุณูุงู 48 ุนุฑุจ ุฑู ู ููุฑ ุชูุถุญ ุจุฏูุ,1
ูู ุฏุฑ ฺฏุฒูู ุฏู ุงุฏุงุช ุดุฑุท ุงุณุช ุฏุฑ ุณุงุฑ ฺฏุฒููโูุง ูุณุช,0
ุฏูุณุชุงู ุงูุฏูุงุฑู ููููู ูุงุฑุบ ุงุฒ ุณุทุญ ุณูุงูุง ฺฉูฺฉูุฑ ุฎูุจ ุฑู ุจุฏู ฺู ุฏูุณุชุงู ฺฉู ูุฑุฏุง ุฑุงุถ ู ุงูุณุงู ูุณุชู ฺู ุฏูุณุชุงู ฺฉู ูุฑุงุฑู ุชุฌุฑุจ ุงุฒููู ุจุฏู ... ุงูุฏูุงุฑู ฺฉู ููู ุจุง ุงุฑุงูุด ุณูุงูุง ฺฉ ุจูุฏู ุฑู ุฏุฑุณุช ุฌูุงุจ ุจุฏู ... ุฏุฑ ููุฑุฏ ฺฉูฺฉูุฑ ููุฑ ูู ูฺฏุง ฺฉูุฏ ููุท ุชูพ ุจูุฏ ุฌุฏุฏ ุณูุงูุง ููฺฉูู ุชฺฉุฑุงุฑ ุดู ุฏูุณุชุงู ฺฉูฺฉูุฑ 97 ุฏุงุฏู ุง ุฎููู ุจุฑุฑุณ ฺฉุฑุฏู ูุฏููู ุณุทุญ ุณูุงูุง ููฺฉูู ุชู ูุฑ ฺฏุฑูู ูุชูุงูุช ุจุงุดู,1
ูพุณ ุนููู ุฎูุจ ุจูุฏู ุงุฎุชุตุงุต ุณุฎุช ุฎุฏุง ฺฉูู ูุฑุฏุง ุงูุณุงู ุงูุฌูุฑ ูุจุงุดู ูู ุงูุฏู ุจู ุงุฎุชุตุงุตู,1
ุงูุฏุช ุจู ุฎุฏุง ุจุงุดู,0
ุงูุดุงููู ฺฉู ุนุงู ูุดู...,0
ุดูุง ฺฉ ุงูุฑูุฒ ฺฉูฺฉูุฑ ุฏุงุฏู ุจุฑฺฏ ุณูุงูุช ฺู ุจุงุฏ ุฏุงุดุชู ุจุงุดู,0
ุจฺูโูุง ุจุฑุง ุดูุง ูู ุจุนุถ ุณูุงูุง ุณุฑ ุฌูุณู ุจุง ูพ ุฏ ุงู ุณูุงูุง ฺฏุฒูู ูุงุดูู ุฌุงุจุฌุงุณุ,1
ุฏูุชุฑฺู ุณูุงูุง ูุชูุงูุชู,0
ุจุฎุงุทุฑ ุฏูุชุฑฺุชูุ ุณู ุชุง ุฏูุชุฑฺู ุฏุงุฑู,0
ูู ฺฉูฺฉูุฑ ููุฑ 99 ุนููู ุฏุฑุตุฏุง ุจุดุชุฑ ูุณุจุช ุจู ุงูุณุงู ุฒุฏู ุงูุง ุจุงุฏ ุจฺฏู ุงูุณุงู ู ููุฏุงุฑ ุงุณููุชุฑ ุจูุฏ ูู ุฎู,1
ูพุงุณุฎ ุชุดุฑุญ ฺฉ ูุงุฏ ุจฺูโูุง ุ,1
ุฏูุณุชุงู ุงุตูุง ูฺฏุฑุงู ูุจุงุดุฏ ุงู ูููุฏุงุฑูุง ูุดูู ูุฏู ฺฉูฺฉูุฑ ุญุงูุช ุนุงุฏ ุฏุงุฑู.ุฏู ุฏุฑุณ ู ฺฉู ุณุฎุชุชุฑ ู ุฏู ุชุง ู ฺฉู ุฑุงุญุชุชุฑ.ฺฉูฺฉูุฑ 99 ฺฉูุง ุณุฎุช ุจูุฏ ู ุงฺฏู ุงูุณุงู ูู ูุซู 99 ุจุงุดู ูุงุณู ููู ุณุฎุช ูุณุช ุงุตูุง ูฺฏุฑุงู ูุจุงุดุฏ.ุจู ุงูุฏ ูุจููุชูู,1
ุจู ูุธุฑู ฺฉู ุงฺฏู ุณุฎุช ุจุงุดู ุจูุชุฑูุูู ุฎุจ ุณุฎุช ุณูุงูุงูู ุณุฑ ุฌูุณู ุงุฐุช ฺฉููุฏุณ ูู ุฎูุฏู ฺฉูฺฉูุฑ 99 ุจุฎุงุทุฑ ุงุณุชุฑุณ ฺฉ ุฏุงุดุชู ฺฏุฒูู ูุงุฑู ุฌุงุจู ุฌุง ุฒุฏู ู ฺฉูุง ูุชุฌู ฺฉูฺฉูุฑู ุชุบุฑ ฺฉุฑุฏ,0
ุณุงู 99 ูู ุนูููุง ุฏููุง ููู ุดฺฉู ุจูุฏ ุ ุนุฑุจ ู ุฏู ุขุณูู ุจูุฏ ุ ูุงุฑุณ ู ุฒุจุงู ุณุฎุช ุจูุฏ,0
ูพุงุณุฎ ุฏู ุจู ุณูุงูุงุช 8 ุดุฑูุน ูุดู ุง 8:30ุฺฉูฺฉูุฑ ุชุฌุฑุจ ฺุทูุฑุ,1
ุฑู ฺฉุงุฑุช ุฌูุณู ูู ููุดุชู 8 ุตุจุญ.ูู ุฑุงุถู,0
ุทุจู ุขู ูุงูู ุณูุฌุด ุจุฑุง 1400 ฺฉูฺฉูุฑ ุชูุงู ุฑุดุชูโูุง ุฑุงุณ ุณุงุนุช8.30ุดุฑูุน ูุดู,0
8.30 ุดุฑูุน ูุดู,0
ุนุฒุฒู ูพุงุฑุณุงู ุชุฌุฑุจ 8:30 ุดุฑูุน ุดุฏ ุงูุณุงูู ููุฑ 8:30 ุดุฑูุน ุดุฏู ูพุณ ุชุฌุฑุจ ูู ููููู,0
ุนู 8 ุดุฑูุน ูฺฉูู ุงุฏุจุงุชู ุจุฒููุ,0
ุจุฑุง ููู 8 ุดุฑูุน ูุดู .,0
ุณุทุญ ุณูุงูุงุช ูุนููู ุดุฏ ุงู ุณุทุญ ูุทุงูุนู ุฏุงูุทูุจุงุณุช ฺฉู ูุชุฌุฑู ูุดุฎุต ูฺฉูู,1
ุจฺูโูุง ูุดู ุฏุฑุณุงุฑู ุชูุฑุจ ุจุง 99 ููุงุณู ฺฉูู . ูู ุงุญุณุงุณ ูฺฉูู ุงุฏุจุงุช ุณุฎุชโุชุฑ ูู ุจูู ููุณุทุญ 99 ุจูุฏู,1
ุฏุฑฺฉ ุนููู ุฎู ุฎู ุณุฎุชโุชุฑ ุจูุฏ :(,0
ุณูุงู ูุงุด ุฏุฑ ุญุฏ ููู ฺ ุจูุฏ ููุท ุฒุจุงู ู ฺฉู ฺฏุฑุงูุฑุด ุณุฎุชโุชุฑ ุจูุฏ ูู ุฎูุฏู ุงุฏุจ83 ุนุฑุจ 80 ุฏู 84 ุฒุจุงู 79,1
ููู ููู ุตุฏ:/,0
ุจุฒุงุฑ ุฌูุงุจุง ุจุงุฏ ุงููููุช ูุนููู ูุดู 80 ุฒุฏ ุง ูู๐,0
ุจฺูโูุง ุฏุฑุตุฏุงุชูู ุฑู ุจฺฏู ูู ุงุฏุจุงุช83ุนุฑุจ 80ุฏู84ุฒุจุงู79,1
ุงุฑู ุดูุงโูุง ุฑุงุณ ูฺฏู ููู ููู ุฑู 100ุฒุฏู๐๐ููุท ูููุฏู ุงุฒ ุฑู ฺ ุชุตุญุญ ฺฉุฑุฏู ุฎูุฏ ฺฉุณุง ฺฉู ุชุตุญุญ ฺฉุฑุฏู ุจุนุถ ุณูุงูุง ฺฏุฒููโูุง ูุฎุชูู ุฒุฏู,0
ุงุฏุจ 68 ุนุฑุจ 87 ุฏู 72 ุฒุจุงู 79,0
ุง ฺฉุงุด ุณุทุญ ุณูุงูุงุช ูุง ูู ุงูุทูุฑ ุฑุงุญุช ุจุงุดู ุจู ุบุฑ ุฏู ุณูุงู ุงุฏุจุงุช ุจูู ุณูุงูุงุช ุฏุฑ ุญุฏ ฺฉุชุงุจ ุจูุฏูุฏ ูุฑ ฺฉุณ ฺฉุชุงุจ ุฑู ุฎูุจ ุฎููุฏู ุจุงุดู ุจุฑุงุด ุฎู ุฑุงุญุชู,1
ุงุฑู ูุงูุนุง ุฎู ุฎูุจ ุจูุฏู.ฺฉุงุด ูุงู ุงูุฌูุฑ ุจุงุดู ฺฉูฺฉูุฑููู,0
ุฏูุณุชุงู ฺฉู ุญุถูุฑ ุงูุชุญุงู ุฏุงุฏุฏ ฺฉูุช ุณูุงูุงุช ฺุงูพ ุฎูุจ ุจูุฏุ ูพ ุฏ ุงู ฺฉู ุณูุฌุด ููุชุดุฑ ฺฉุฑุฏู ฺฉูุชุด ูพุงูู ฺุดู ุฏุฑุฏ ฺฏุฑูุชู๐,1
ููููู ฺฉุงุฑุจุฑ ุฏู ุงู/ฺฉุงุฑุจุฑ 6ุงู ุณ ููุธูุฑู ฺฉุณุง ฺฉู ฺฉูฺฉูุฑ ุดุฑฺฉุช ฺฉุฑุฏู ุจูุฏ ูู ฺฉุณุง ฺฉู ุจุนุฏ ฺฉูฺฉูุฑ ุณูุงูุง ุฑู ุญู ฺฉุฑุฏู๐๐๐,0
ูฺฏู ุงููุงูู ูุดุฏ ุงูุชุญุงู ุฏุงุฏ ๐๐๐,0
ุงุฑู ฺุงูพุด ูุดฺฉู ูุฏุงุดุช,0
ููุท ู ููุท ุบุฑ ูุนููู ุจูุฏู ุณูุงูุงุช ุนููู ุจู ุณูุงู 7 ุฎุชู ูุดู ูฺฏุฑูู ููู ุณูุงูุงุช ุงุณุชุงูุฏุงุฑุฏ ุจูุฏู ู ููู ููุน ุณูุงู ุฑุงุญุช ู ูุชูุณุท ู ุณุฎุช ุฏุงุดุชู. ุงูุฏูุงุฑู ุงูฺฏููู ูฺฉุฑ ูฺฉูุฏ ฺฉู ุงฺฏุฑ ุงุฏุจุงุช 25 ุณูุงู ูุณุช ุดูุง ุจุงุฏ 25 ุชุง ุฑู ุฌูุงุจ ุจุฏุฏ. ุดูุง ูโุชููุฏ ุจุง ุฌูุงุจ ุฏุงุฏู ุจู 15 ุชุง 20 ุณูุงู ุงุฏุจุงุช ุฏุฑุตุฏ ูุง ุฑู ฺฉุณุจ ฺฉูุฏ ฺฉู ุฑุชุจูโูุง ุจุฑุชุฑ ฺฉุณุจ ูโฺฉููุฏ.,1
ุจุงุจุง ุณูุงู 7 ุฌูุงุจุด ุฎู ุฑุงุญุช ูุดุฎุต ูุดุฏ ุงฺฏ ฺฉูฺฉูุฑ ูุง ูู ุงู ุดุงูุฑุง ุจุงุดู ฺฉุงุฑ ุงุณููู,0
ูู ุจุฑุง ุงูฺฉู ูุฏู ฺฏุฐุงุฑ ุฏูู ุฏุงุดุชู ุจุงุดู ูุฎูุงู ุณุฎุช ุง ุขุณููุดู ุจูููู ุจูุธุฑุชูู ูุดู ูุงูฺฏู ุนููู 50 ุฒุฏุ ูุซูุง ุงุฏุจุงุช 40 ุนุฑุจ 55 ุฏู 75 ุฒุจุงู 45ุ ุณุทุญ ุฏุฑุณู ูุชูุณุทู,1
ุนููู ุงู ุขุฒููู ูุซู ฺฉูฺฉูุฑ 99 ุจูุฏ ุ ูพุณ ุณุฎุชู ุ ุงูุจุชู ุฏู ุจู ูุณุจุช 99 ุขุณูู ุจูุฏ ู ุนุฑุจ 99 ูู ูุซู ุงู ุขุฒููู ูุชูุณุท ุฑู ุจู ุจุงูุง ุจูุฏ,0
ุจูู ูุดู,0
ูุทุงูุจ ุงุฒุฏููู ุจุง ุดฺฉ ูุฒุฏ. ุฒุจุงู ูู ุณูุงูุง ูุงฺู ู ฺฏุฑุงูุฑุด ุฎูุจ ุจูุฏู . ุฏู ุชุง ุณูุงู ุงุฒ ุถุฒุจ ุงููุซูุง ุฏุฑ ุบุงูุจ ูุงฺู ูุทุฑุญ ุดุฏู ุจูุฏ ฺฉู ุจู ูุธุฑู ฺฉุด ุนุฌุจ ุจูุฏ . ฺฉููุฒุด ูู ูุดุฏ ุฒุฏ ุงูุง ุนุฌุจ ุจูุฏ ฺฉู ุงุฒุด 2 ุณูุงู ฺฏุฑุงูุฑ ู ูุฑ ุฏู ูู ุงุฒ ุญุฑูู ุงุถุงูู ุจูุฏู . ุฏุฑ ุขุฎุฑ ูุชูโูุง ูู ุฑููู ุจูุฏู ุงูุง ุดุงุฏ ฺฉู ูุซู ูู ุชู ูุชู ุฏูู ู ุณูุงูุงุด ฺฏุฑ ฺฉุฑุฏู ุจูุฏู ุจุงุดู. ุฏุฑ ฺฉู ุขุฒููู ุนููู ุงูุณุงู ุดุงุฏ ู ููู ุจูุชุฑ ู ุงุณุชุงูุฏุงุฑุฏโุชุฑ ุจูุฏ ุงูุจุชู ุจุง ุณุทุญ ุฏุดูุงุฑ ุง ฺฉู ููุฑุง ุจุฑุง ุงุฎุชุตุงุต ุฒุฏู ุดุงุฏ ุงุฎุชุตุงุตุง ุฏุฑ ุณุทุญ 99 ุง ฺฉู ุฑุงุญุชโุชุฑ ุจุงุดู . ุจุดูุฏ ุฎูุฏุชูู ุชุญูู ฺฉูุฏ ููุท,1
ุฎุฏุงุฑู ุฎูุด ูุงุฏ ฺฉ ุฑูุฒ ุชููุฏุช ู ุฑูุฒ ฺฉูฺฉูุฑุช ฺฉ ุจุงุดู,1
ฺู ุฌุงูุจ ูุงู ููู ฺฉู:),0
ููู ููู ุทูุฑ 11 ุชุฑ ฺฉูฺฉูุฑ ุชุฌุฑุจ๐ถ,0
ฺู ุฏุฑุฏูุงฺฉ๐,0
ุฎุจ ูู 5 ุฑูุฒ ูุจูุด ูุณุชู ุจุฑุง ุชู ุฎู ุจูุชุฑ ุจุนุฏ ฺฉูฺฉูุฑ ูโุชูู ุงุณุชุฑุงุญุช ฺฉู ูู ูู ฺ ุ,0
ุจุงุฒ ุฎูุจู ูู 19 ุงูู ุงูู,0
ูู ุฏุจุฑ ุฏู ูุณุชู ุจฺูโูุง ุณูุงูุงุช ุฏู ูุณุจุช ุจู 99ุขุณููโุชุฑ ุจูุฏ ุจู ุฌุฒ 2 ุง 3 ุณูุงู. ฺฉูุง ุงูุณุงู ุจู ูุธุฑู ุฏุฑุฌู ุณุฎุช ุณูุงูุง ูุงููุฏ ุณุงู 97 ุจูุฏ ูููู ู ูพุฑูุฒ ุจุงุดุฏ,1
ุจฺูโูุง ุจู ุฎูุฏุชูู ุงุณุชุฑุณ ูุงุฑุฏ ูฺฉูุฏ ุงฺฏุฑู ุณูุงูุงุช ุณุฎู ุจุงุดู ูุงุณู ููู ุณุฎูู ู ฺฉุณ ฺฉู ูุฑุงุฑ ุจูุฏ ุจุง ุฏุฑุตุฏ ูุซูุง 90 ูพุฒุดฺฉ ุจุงุฑู ุงฺฏู ุฎู ูู ุฏุดูุงุฑ ุจุงุดู ุจุงุฏุฑุตุฏ 60ูู ูููู ูพุฒุดฺฉู ูุงุฑู ูุทูุง ุจู ุงู ูฺฉุฑ ฺฉูุฏ ฺฉู ุฏุฑ ุญุฏ ุชูุงู ุฎูุฏุชูู ุจู ุณูุงูุงุช ุฌูุงุจ ุจุฏุฏ ูู ุงูฺฉู ุดูุงุฑุด ุณูุงูุงุช ุจุฑุงุชูู ููู ุจุงุดู ฺฉู ฺูุชุง ุจุฒูู ุจู ุฏุฑุตุฏ ูุฏูุธุฑู ุจุฑุณู,0
ุฏูุชูู ฺฏุฑู ฺฉู ุดูุง ฺฉู ุฏุจุฑ ูุณุชุฏ ูุธุฑ ูุฏุฏ ููููู ฺฉู ููุช ฺฏุฐุงุดุชุฏ ุณูุงูุงุฑู ูฺฏุงู ฺฉุฑุฏุฏ,0
ุชุงุฑุฎ ุงุฏุจุงุชุด ฺุฑุง ุงูุทูุฑ ุจูุฏ..ูฺฏู ุฏุงูุด ุงููุฒ ุชฺฉ ุชฺฉ ุดุนุฑุงุฑู ุญูุธ ูฺฉูู!,1
ุชุงุฒู ุงู ุชูพโุฑู ุฏุฏ ุฑููุ,0
ุฏูุณุชุงู ูู ุณูุงูุงุช ุฑู ุงูุงู ุญู ฺฉุฑุฏู ุณูุงูุงุช ุฎู ุงุณุชุงูุฏุงุฑุฏโุชุฑ ุงุฒ ฺฉูฺฉูุฑ 99 ุจูุฏู ุฏุฑ ุถูู ุงุณุชุงูุฏุงุฑุฏ ุจู ุงู ูุนูุงุณ ฺฉู ุณูุงูุงุช ูู ุฎู ุณุฎุช ูุณุชู ฺฉู ฺฉุณ ูุชูู ุฌูุงุจ ุจุฏู ูู ุฎู ุฑุงุญุช ฺฉู ู ุจฺู ุฏุจุณุชุงู ูู ุจุชูู ุญูุดูู ฺฉูู,1
ูู ููู ุณูุงูุงุฑู ุญู ฺฉุฑุฏู ุชุญูู ูู ุงุฒ ุงู ุขุฒููู : ูุงุฑุณ ฺฉู ุฑุงุญุชโุชุฑ ุจูุฏ ูุณุจุช ุจู 99 . ุชูพ ุณูุงู 3 ฺฉู ุดุงุฏ ุชู ฺฉุชุงุจุง ู ุขุฒูููุง ุฒุงุฏ ุฏุฏู ุจูุฏู ุชู ฺฉูฺฉูุฑู ูุงุฑุฏ ุดุฏ ุณูุงู ุขุฎุฑ ูุงุฑุณ ูู ุนููุง ุณูุงู ุฏุณุชูุฑ ุจูุฏ ู ูุดู ฺฏูุช ู ุณูุงู ูุฑุงุจุช ฺฉูุชุฑ ุฏุงุดุช ุงู ุขุฒููู . ุนุฑุจ ุณุทุญ ูุชูุณุท ุฏุงุดุช ูุชู ุฑูุงู ู ุชุฑุฌููโูุง ูุชูุณุท ุ ุชุญูู ุตุฑู ุบูุท ุฎูุงุณุชู ุจูุฏ ฺฉู ุจุฑุฎูุงู ุชุตูุฑ ุงููู ุฑุงุญุช ูุดุฏ ุจุง ุชุถุงุฏ ุชู ฺฏุฒููโูุง ุฌูุงุจ ุฏุงุฏ.ุชููุง ุณูุงู ฺฏุฑ ุฏุงุฑ ุนุฑุจ ุดุงุฏ ุณูุงู ููููู ูุบุช ุจูุฏ .ุฏู ูู ุณุทุญ ูุชูุณุท ุฏุงุดุช ูู ุงฺฏู ุฏุงูุด ุงููุฒ ุฑู ูุชู ุถุนู ุจูุฏ ุงุฏุงูู ุฏุฑ ฺฉุงููุช ุจุนุฏ,1
ูู ุชุฌุฑุจ ุงู ูุฎูุงู ุชุง ุฑูุฒ ฺฉูฺฉูุฑ ุจุงุฒู ุงุฒููู ุจุฏู ุชู ุงู ูุฏุช ุจุงู ูููุฏู ุจุง ุชูุฌู ุจู ุณุทุญ ุณูุงูุงุช ฺฉู ฺฉู ุณุฎุช ุจูุฏู ุจู ูุธุฑุชูู ุจูุชุฑู ุณูุงูุง ุณูุฌุด 99 ุง ุงุฒูููุง ฺฉุงููู ุจุฒูู ุง ฺฉูฺฉูุฑโูุง ุณุงูุง ุงุฎุฑ ุงูู ุณุงู ฺฉู ูุฒุฏู,1
ฺฉูฺฉูุฑ 99 ุฑู ุฒุฏุ! ุนููู ุฎุงุฑุฌ ู ุฏุงุฎูู ุฑุงุถ ู ุชุฌุฑุจ ู ููุฑ 99 ููุจุน ุฎูุจู ุงุฒ ุจู ุงู ุดุด ุชุง ฺฉ ุฑู ุงูุชุฎุงุจ ฺฉู ู ุจุฒู ุงูุจุชู ุฎูุฏุช ุฑู ุฎุณุชู ูฺฉู,0
ุจูุชุฑู ุงูุงู ุงุฒููู ฺฉุงุฑ ูฺฉู,0
ุขุฒููู ุง ุณูุฌุด ุงูุณุงู ุนููู ู ุฑุงุถ ูุฒฺฉ ุฎู ุณฺฏ ุจูุฏู ุงูุง ุฒุณุช ู ุดู ุฏุฑ ุญุฏ ูพุดุฑูุช ุชุญุตู ูุฑุขุช,0
ูู ุงุฏูู ฺฉูฺฉูุฑ 98 ุฑุงุถุง ฺฉู ุงููุฏู ูุธุฑ ุจุฏู ููู ูฺฏูุชู ุดู ุณุฎุช ุจูุฏ ููุงู ุฏุฑุณ ุฌุฏุฏ ุจูุฏ ุณูุงูุงุด ๐ ุฌูุน ฺฉูู ุจุงุจุง ููุดู ุงุนุชูุงุฏ ฺฉุฑุฏ ุจู ุญุฑู ุจูู ุฎูุฏุชูู ูฺฏุงู ฺฉูุฏ ูุธุฑ ุจุฏู ูุงุณู ุฎูุฏููู ุจุง ุชูุฌู ุจู ุณุทุญ ุฎูุฏุชูู,1
ุงุญุณู ุจุฑ ููู ุดูุง ุงูุฑูุฒ ฺฉูฺฉูุฑ ุจูุฏ ุ๐ง,1
๐๐๐,0
๐๐๐๐,0
ุจู ูุธุฑุชูู ุชุฎูู ุฑุชุจู ุฑู ุจุง ฺู ุณุงู ุจุฒููุ ุจู ูุธุฑ ูู 99ุจุงฺฉู ุงุบูุงุถ,1
ุงุบูุงุถ ฺ ูุณุช ุญุงูุงุ๐ง,0
ฺุฑุง ุชุญูู ุตุฑู ุฑู ุงูุฌูุฑ ุฏุงุฏู ุจูุฏูุ ุนู ุงูุฎุทุง ุฎู ูุณุฎุฑู ุจูุฏ.... ูู ุฏุงุฏู ุนู ุฎุทุง ุฑู ุจู ฺฉุณ ฺฉู ูฺ ุงุฒ ุนุฑุจ ููโุฏููุณุช ููุท ุจู ฺฏุฒููโูุง ูฺฏุงู ฺฉุฑุฏ 2 ุชุงุด ุฑู ุฌูุงุจ ุฏุงุฏ๐๐๐,1
ุฏูุณุชุงู ุงฺฏู ุจู ุณุทุญ ุชุฎุตุตุง ููุฑ ูฺฏุงู ฺฉูู ููููู ฺฉู ฺฉูฺฉูุฑ ุณุฎุช ุจูุฏู,1
ุชู ฺฉุงููุชุง ุฏุงูุดุฌู ฺฉู ฺูุฏ ุณุงู ุงุฒ ฺฉูฺฉูุฑุด ฺฏุฐุดุชู ูุงุฏ ุฏุฑุจุงุฑู ฺฉูฺฉูุฑ 1400 ูุธุฑ ูุฏู ููุณููุง ูู ููุงุฏ ููู 100 ุณูุงูู ุนูููู ุจุจูู 10 ุชุง ุณูุงู ูุจูู ู ูุงุฏ ูฺฏู ุฎู ุณุงุฏุณุช ุงูุงู ูู ุณุงุนุช ุงุฒ ุฒูุงู ูพุฎุดู ุณูุงูุง ุจู ุทูุฑ ุฑุณู ูฺฏุฐุดุชู ู ููู ุณูุงูุง ุฑู ุญู ูฺฉุฑุฏู ูฺฺฉ ู ููู ุฏุงุฑู ุฏุฑุจุงุฑู ุณูุงูุง ูุทุฑ ูุฏู ุดูุง ุญุฏุงูู ู ฺูุฏ ุณุงุนุช ุจุฒุงุฑุฏ ุจฺฏุฐุฑู ุจุนุฏ ูุธุฑ ุจุฏุฏ ฺฉู ฺุทูุฑ ุจูุฏู . ุงุตูุง ู ุงุจุฏุง ุจู ูุธุฑู ูฺฺฉ ุงููุช ูุฏุฏ ู ุจุฑูุงูู ุฎูุฏุชููู ุฌูู ุจุจุฑุฏ,1
ุฏู ุจุงุฑ ู ูุธุฑ ุฏุงุฏู ๐๐๐๐,0
ุงุฑู ุฏุฑุณุช ูฺฏ ุฏูุณุชู ุนุฒุฒ ูุชุงุณูุงูู ู ุณุฑ ุงูุฑุงุฏ ุบุฑุช ูุชุนุตุจ ูุถู ุฑู ูฺฏุงู ูฺฉูู ู ูุงู ูฺฏู ฺฉู ุงูู ุณุงู ฺฉู ูุง ฺฉูฺฉูุฑ ุฏุงุฏู ุณูุงูุง ุฎู ุณุฎุชุชุฑ ุงุฒูุงูู 1400 ุจูุฏู ู 1400 ุฑุงุญุช ุจูุฏู ู ุงูุง ูุชุงุณูุงูู ุงูุง ูุงู ู ุฐููุช ุจุฏ ุชู ุจูู ุฏุฑุณุช ูฺฉูู ูู ุชููุน ฺฉู ุจฺูโูุง ุฏฺฏู ุฑู ุจู ุงู ูฺฉุฑ ูุงุฏุงุฑ ูฺฉูู ฺฉู ุณูุงูุง ุฎู ุฑุงุญุชู ุงููู ููู ฺฉู ุฏุฏู ฺฉู ุงููุฏู ุจูุฏ ููุฑ ุงูุฑูุฒ ุฑู ุจุง ุชุฌุฑุจู 96 ููุงุณู ูโฺฉุฑุฏ,0
ุณูุงูุงุช ุนุฑุจุงุจุงุช ุฏุฑุฑุญุฏ 99ูุฒุจุงู ูุฏู ุจู 97ู98,0
ุงุฑู๐๐ ุงูุงู ฺฉ ูู ุงููุฏู ุจูุฏ ุณูุงูุง ุฑู ุจุง 96 ููุงุณู ูโฺฉุฑุฏ. ุงู ุงูุฑุงุฏ ฺฉุณุง ูุณุชู ฺฉู ู ุฎูุฑุฏู ุบุฑุช ู ุชุนุตุจ ูุธุฑ ูุฏู ู ูโุฎูุงู ฺฉู ุดุฑุงุท ู ูุถุนู ฺฉูฺฉูุฑ ุฎูุฏุดูู ุฑู ุจุง 1400 ููุงุณู ุจุฏู ู ุจฺฏู ฺฉู ูุง ูุง ฺฉู ุณุงูู ุฎูุฏููู ฺฉูฺฉูุฑ ุฏุงุฏู ูุถุนููู ุงุฒ ุดูุง ุจุฏุชุฑ ุจูุฏู ู ุดูุงโูุง ุฎูุจุชุฑู ูุถุนุชูู ููู ฺฉู ุงูุฑูุฒ ฺฉูฺฉูุฑ ุฏุงุฏู ุจู ุณุทุญู ุจุงูุงู ุณูุงูุงุช ุงูุฑุงุฑ ูฺฉูู,0
ฺูุฏ ุนุตุจุงู ุณุฎุช ูฺฏุฑ ูุฑ ฺ ุชู ุจฺฏ ุฏุงุฏุง ๐ค,0
ุฏูุณุช ุนุฒุฒ ุดูุง ุงููุฏ ุงุณุชุฑุณ ุงูฺฉ ุฏุงุฏ ุจู ุจฺูโูุง ฺฉู ุณูุงูุง ุณุฎุช ุจูุฏู. ุจุนุฏ ูุง ูฺฏ ุจู ูุธุฑ ูฺฺฉุณ ุงููุช ูุฏูุ ุฏุฑ ุฏุฑุฌูโ ุงูู ูุจุงุฏ ุจู ุญุฑู ุดูุง ุงููุช ุฏุงุฏ.,0
ุณูุงูุงุช ุชูุฑุจุง ู ฺุฒ ุจู 98 ู 99 ุจูุฏู. ุฏู ุฏุฑ ุญุฏ 98ุ ุงุฏุจุงุช ฺฉู ุณุงุฏูโุชุฑ ุงุฒ 99 ุจูุฏ. ุนุฑุจ ูุดุงุจู ฺูุฏ ุณุงู ุงุฎุฑ ู ูุชูโูุง ุฒุจุงู ูุณุจุช ุจู 99 ุณุงุฏูโุชุฑ ุจูุฏู,1
ูููููู,0
ูู ูู ูู 98 ู ูู 99 ฺฉูฺฉูุฑ ุฏุงุฏู ู ูู ฺฉูฺฉูุฑ ุณุฎุช ุฏุฏู ู ูู ุขุณูู,0
ุงุฒ ฺฉุฌุง ูุฏููุฏ ุงูุณุงู ฺฉูฺฉูุฑ ุฏุงุฏู,0
ู ูฺฉุชู ฺฉู ูุณุช ุงูู ฺฉู ูุนุงุฑ ุณุฎุช ูุงุณู ูุฑ ฺฉุณ ูุฑู ูฺฉูู ฺฉ 50 ุฏุฑุตุฏ ูุฒูู ูฺฉุฑ ูฺฉูู ุฎู ุฎูุจ ุฒุฏู ู ุณูุงูุง ุฑู ุณุงุฏู ูุจูู ูู ฺฉ 80 ูู ูุฒูู ูู ูฺฏู ุฎู ุณุฎุช ุจูุฏ. ูพุณ ุฎู ุจู ุงูฺฉู ฺูุฏุฑ ุณุฎุชู ฺฏุฑ ูุฏุฏ ุฎูุฏุชูู ุจุดูุฏ ุณูุงูุง ุฑู ุจุฑุณ ฺฉูุฏ ู ุงูุดุงููู ุงููุง ฺฉู ูุฑุฏุง ููพุณ ูุฑุฏุง ฺฉูฺฉูุฑ ุฏุงุฑู ุจู ูุชุฌู ุฏูุฎูุงูุดูู ุจุฑุณู,1
26) 2 27)4 28)3 30)3 31)1 32)1 33)2 35)4 41)3 43)1 46)3 48)4 50)2 ุงูุง ุฌูุงุจุง ููู ุจุฑุง ุนุฑุจ ุฏุฑุณุชูุ,1
ุจุงุดู ุงูุฑู,0
35 ูููู 4 ูุณุชโ.โููุนูู ูุทูู ูุฏุงุฑู ฺฉู,0
7 ุชุง ุบูุทุ ุฏููุง ฺฉุฏููุงุ,0
7 ุชุงุด ุบูุทู,0
ููุด ูุซ ููู ุจุฌุฒ35ูู ุฒุฏู1ู48ุฒุฏู4ุงูุจุชู ูู ุฒูุงูุฏุงุฑฺฏุฑูุชู ุชุญููู ูฺฉุฑุฏู,0
ุฏูุณุชุง ฺฉู ูฺฏู ุณูุงูุง ุณุงุฏู ุจูุฏ ุงฺฏู ุดูุง ุชู ุฎูุฏู ุดุฑุงุทู ุขุฒููู ูุจูุฏุฏ ูุงุณุชุงูุฏุงุฑุฏ ุขุฒููู ูุฏุงุฏุฏ ูฺ ููุช ุงู ูุธุฑู ูุฏุงุดุชุฏ ฺฉู ุณูุงูุง ุขุณููู.ุฎูุฏู ุณูุงูุงุช 99 ฺฉู ููู ูฺฏู ุณุฎุชุชุฑู ฺฉูฺฉูุฑ ูุฑูู ุฑู ุจุงุฑ ุฎููู ุญู ฺฉู ุจุงุฒ ุฑุงุญุชู ุณูุงูุงุด ูู ุชููู ู ุฏุฑุตุฏู ุฎู ุฎูุจ ุฑู ุชู 99 ุจุฒูุฏ. ุณูุงูุงู ููุฑ ุงูุณุงู ุฏุฑ ฺฉู ููู ุฏุฑุณุงุด ุจู ุบุฑ ุฏู ุงุฒ 99 ุณุฎุชโุชุฑ ุจูุฏ ูู ุญุงูุง ูุงุณู ุงููุง ฺฉู ุชุฌุฑุจ ูุฏู ฺุฒ ูุดุฎุต ูุณุช ุงูุงู ูุฑุฏุง ฺฉู ุฑุงุถ ุจุฑฺฏุฐุงุฑ ูุดู ููู ฺ ูุดุฎุต ูุดู ุงฺฏุฑ ุฑุงุถ ูู ุงู ุดุฑุงุทู ุฏุงุดุช ุจู ูุธุฑู 1400 ุงุฒ 99 ุณุฎุชโุชุฑ ุฎูุงูุฏ ุจูุฏ,1
ุชููู ุดุฏ ุ ุชุงุซุฑ ฺฏุฐุงุฑ ุจูุฏ ๐ุชุงุซุฑู ุชุญุชุช ูุฑุงุฑ ฺฏุฑูุช,0
ูพุดฺฏุฑ ุจูุชุฑ ุงุฒ ุฏุฑูุงู ุงุณุช ู ุจูุชุฑู ฺฉู ู ุฏุฏู ุฏุฑุณุช ู ููุทู ูุณุจุช ุจู ุณูุงูุง ุฏุงุดุชู ุจุงุดู,0
ฺฉุงููุง ุฏุฑุณุช ูฺฏุฏ . ุญุงูุง ูุนูุง ุจุงุฏ ูุงุณู ุจุจูู ูุธุฑู ูุนููุง ุฏุฑุจุงุฑู ุณูุงูุง ฺู ู ุจู ุฏุงูุด ุขููุฒุง ุฎู ุฒุงุฏ ููุดู ุงุนุชูุงุฏ ฺฉุฑุฏ ุฏูุณุชู ุฎูุฏู ูุงูฺฏู ุชุฑุงุฒุด 4500 ูุณุช ุฑูุชู ุชู ุณุงุช ููู ฺ ููู ุฏุฑุณุง ุฑู ุณุงุฏู ุงูุชุฎุงุจ ฺฉุฑุฏู ู ูููุฏุงุฑ ุฑู ฺฉูุง ุจู ูุณุฎุฑู ฺฏุฑูุชู .,0
ุฏูุณุช ุนุฒุฒ ูู ุณุฑ ุฌูุณู ุจูุฏู ู ุจุงุฒ ูู ุขุฒููู ุจุฑุงู ุขุณูู ุจูุฏ. ุณูุงูุง ุงุฒ 99 ุขุณููโุชุฑ ู ูุชุนุงุฏูโุชุฑ ุจูุฏ. ุฏุฑ ูุฑ ุฏุฑุณ ูู ูุฑุงุฑู ุฏุฑ ูุฑ ุตูุฑุช ุฏู ุณู ุชุง ุณูุงู ฺุงูุด ุจุงุดู. ุงฺฏู ูุงุณู ุดูุง ุณุฎุช ุจูุฏู ุดุงุฏ ุจุฎุงุทุฑ ุงูู ฺฉู ููู ุดุฏู ุง ูุฑฺ. ุจุงุฒ ุญุงูุง ุฏูุณุช ุฏุงุฑู ุงุตุฑุงุฑ ุฏุงุดุชู ุจุงุดู ฺฉู ุณูุงูุง ุณุฎุช ุจูุฏู ูุดฺฉู ูุณุช,0
ูู ุฑูุชู ุจูุฏู ุณุฑ ุฌูุณู ููุฑ ุงุชูุงูุง ุจุฑุนฺฉุณ ุญุฑู ุดูุง ุฎู ุงุฒ99ุฑุงุญุชโุชุฑ ุจูุฏ,0
ุชู ฺฉูุง ุตุญุญ,0
ุฏุฑูุฏ ุจุฑุดูุง,0
ุณูุงู ุจฺูุง ููุช ุจุฎุฑุุจฺูุง ฺฉูฺฉูุฑ ุนููู ููุฑ ููุท ฺฉู ุงุฏุจุงุช ุงุฐุช ฺฉููุฏู ุจูุฏ ุงููู ุงฺฏ ุฎููุฏู ุจุงุดู ุฑุงุญุช ูโุดู ุฌูุงุจ ุฏุงุฏ ูุงูุนุง ุนุฑุจ ู ุฏู ู ุฒุจุงู ุงุตูุงุณุฎุช ูุจูุฏ ุฑุงุญุช ูโุดู 60 ุชุง 70 ุงุฒุดูู ุฏุฑ ุขูุฑุฏ,1
ุจูุธุฑู ุงุฑุงูุดุชูู ุฑู ุญูุธ ฺฉูุฏ ู ุชูฺฉูุชูู ุจุฑ ุฎุฏุง ุจุงุดู.ุณูุงูุง ุฑู ฺฉู ูฺฏุงู ฺฉูุฏ ูุจูุฏ ฺฉู ุงุณุชุงูุฏุงุฑุฏ ูุณุชู ู ฺฉูฺฉูุฑ ุงูุฌูุฑ ุจุงุดู ุฎูุจู.ูู ุณุฎุชู ุณุฎุชุูู ุขุณููู ุขุณูู.,1
ูุทูุง ุงุตู ูุงฺฉ ูฺฉูุฏ .,1
ุณุทุญ ุงูุณุงู ูุซู 97 ูุจุงุดุฏ......ูุชูุณุท ุฑู ุจู ุจุงูุง,1
ุงฺฏู ุงู ูฺฉุงููุช ุฑุง ูุงฺฉ ูฺฉูุฏ ุฑุชุจู ฺฉูฺฉูุฑุชุงู ุดูุงุฑู ุชูููุชุงู ูุดูุฏ๐๐,1
ุจู ูุธุฑู ุณุทุญ ุฏุดูุงุฑ ุณูุงูุงุช ุงุณุชุงูุฏุงุฑุฏ ุจูุฏูุ ูุชูุณุท ุฑู ุจู ุฏุดูุงุฑ ุจูุชุฑู ุดูู ุณูุฌุด ุฏุงูุด ุขููุฒุงุณ,1
ูู ูู ุจุง ุดูุง ููุงููู ฺฉู ุงฺฏู ูุชูุณุท ุฑู ุจู ุฏุดูุงุฑ ุจุงุดู ุจูุชุฑู ุดูู ุงุณุชุ ุจู ูุธุฑ ุดูุง ูุณุจุช ุจู 99 ฺุทูุฑ ุจูุฏ ุงูุณุงู ุ,0
ุณูุงู ุณูุงูุงุช ุฎู ุณุฎุช ุจูุฏ ูู ูุงูฺฏู ุชุฑุงุฒู (ุชุฌุฑุจ)6900 ูุณุช ูู ููุช ุณูุงูุง ุงุฏุจุงุช ุฑู ุฏุฏู ูุงูุนุง ุณุฎุช ุจูุฏ .ุนุฑุจ ูุชูุณุท ุฑู ุจู ุจุงูุง ู ุฏู ุณูุงูุงุช ุฌุฏุฏ ุฏุงุดุช ุฒุจุงู ูู ุฎู ุณุฎุช ุจูุฏ.ุฏุฑ ฺฉู ุงุฒ 99 ุฎู ุฎู ุณุฎุชโุชุฑ ุจูุฏ,1
ฺู ุจุงุฑ ุงู ฺฉุงููุชู ูุฐุงุฑ ุจุณู ุฏฺฏ ... ุจุนุถุง ุฐุงุชุดูู ุงุตูุง ูุงุจู ูุตู ูุณุช :/,0
ุงุญุชูุงูุง ุชุฑุงุฒุช 4900ูุณุช ฺฉู ูฺฏ ุงุฒ99ุณุฎุชุชุฑ ุจูุฏู๐,0
ุงุฒ ุตุจุญ100 ุจุงุฑ ุชู ุตูุญุนโูุง ูุฎุชูู ุงู ูพุงู ุฑู ฺฏุฐุงุดุช....ุงฺฏุฑ ุจ ุญู ุงููุงุณ ุงุนุชูุงุฏ ูุฏุงุฑ ฺฉุงุฑูุง ูู ุชูุฑู ุฎูุงูุฏ ฺฏุฑูุช,0
ุฌุงู.ุจุงุจุง ฺ ุจูุฏ ุฎุฏุง ุดูุง ุฏู ู ุฒุจุงู99ุฑู ุจุง 1400ฺฉ ูุฏูู ุชุงุฒู 1400ุณุฎุช ุชุฑุ!ูุฏููุจู,0
ุจุง ุตุญููโ ุดุฎุต ุจุง,0
ุจุงุดู ุดูุง ุฏุฑุณุช ูฺฏุฏ,0
ูุทูุง ุจุฑู ุณุงุช ูู ุงูู ุนุจุงุฑุช ฺ ุจุณุงุฒู ุฑุง ุฏุฑ ฺฏูฺฏู ุณุฑฺ ฺฉูุฏ ุจุนุฏ ูุงุฑุฏ ุงููู ุณุงุจุช ฺฉู ูโุฑุง ุจุฑู.,1
ุฎูุงูุด ูฺฉู ููุฑูู,0
ุขุณูู ุจูุฏ ูุณุจุช ุจู ูพุงุฑุณุงู๐ ุงูุง ุจุงุฒู ุจุฑุงู ุงููุง ฺฉู ูุฎููุฏู ุจูุฏู ุณุฎุช ุจูุฏ,1
ุจู ูุธุฑู ุนููู ููุฑ ุฌุง ุชุนูู ู ุจุฑุณ ุฏุงุฑู ูู ุงูฺฉู ุจุดูู ุจฺฏู ุณุฎุชู ุง ุงุณูู,1
ูุง ฺฉูฺฉูุฑ,1
ูุง ุฏุฏู ฺฉูฺฉูุฑ ูู ฺุชูุฏ,0
ฺฉุณ ููุฏููู ุณูุงู 7 ูุงุฑุณ ฺูุฏ ูุดู 1 ูุดูุ,1
ฺฏุฒูู 4 ูุดู,0
ูพููู ๐ฃ ุฏู ุณู ุชููุณุชู ุญุฐู ฺฉูู ูู ุจู 1 ู 4 ุดฺฉ ุงูุชุงุฏู๐,0
ูู ูู ุจุงูุฑ ฺฉู ฺฏุฒูู ุงุทูุงุนุงุช ูุณูู ฺฉุงู ูุณุช!,0
4 ูุดู,0
ฺฏุฒูู 4,0
ฺฉูฺฉูุฑ ุฎู ุขุณูู ุจูุฏ ููู,1
ูู ุจุงููุด ูุณุชู ุงฺฏู ุงูุฌูุฑ ุจูุฏ ุจุง ุตูุญู ุดุฎุต ูุธุฑ ูุฏุงุฏู ุจุง ูู ฺฉู ูุดฺฉู ูุฏุงุฑุ,0
ุงูุตุงู ุฏุงุดุชู ุจุงุดู ุฏุฑูุบ ูฺฏู,0
ุดูุง ุจุงููุดู ูููุฏู,0
ุจฺูโูุง ุณูุงูุงุช ูุชูุณุท ุจูุฏ ุงุฒ 99ูุงูุนุง ุจูุชุฑ ุจูุฏ ูู ุฎุจ ุจู ูุฑ ุญุงู ุขูฺูุงู ุณุงุฏู ูู ูุจูุฏ ุงฺฏู ูุงูุนุง ุฎููุฏู ุจุงุดู ุฑุงุญุช ุงุฒ ูพุณุด ุจุฑ ูุขู ุงฺฏุฑู ูุฎููุฏู ุจุงุดู ุฎุจ ุทุจุนุชุงู ุงุฐุชุชูู ูโฺฉูู ูพุณ ุงูฺฉ ูฺฏู ูุง ูุญุดุชูุงฺฉ ุจูุฏ ูู ุงููุฏุฑุงูู ูุจูุฏู ๐คุณุทุญุดู ุฎูุจ ูุดู ุชูุณุฑ ฺฉุฑุฏุ๐๐๐,1
ุณูุงู ุจู ููู.ุบุฑ ุงุฏุจุงุชุด ฺฉู ุงุฒ ฺฉูฺฉูุฑ 99 ฺฉู ุณุฎุชุชุฑ ุจูุฏ ุจุงูุด ุชูุฑุจุง ูุซู 99 ุจูุฏ ุจุง ุชุบุฑุงุช ุฌุฒุฆ ุฏุฑ ุจุนุถ ุณุคุงูุงุช,1
ุงุฏุจุงุช ุฏุฑุญุฏ 99 ูุณุช ูู ุฏู ู ุนุฑุจ ูพุงูโุชุฑ ุงุฒ 99 ูุณุช ุจฺูโูุง ฺฉู ูฺฏูุชู ูุชู ุนุฑุจ ุณุฎุชู ุฎู ูู ุณุฎุช ูุณ ุจูุธุฑู ุขุณููู,0
ูุงูุนุง ุจุนุฏ ุงุฒ ุณุงูโูุง ุฏุฑ ฺฉูฺฉูุฑ ุนูููุงุด ุจู ุดุฏุช ุงุณุชุงูุฏุงุฑุฏ(ููุธูุฑู ุงู ูุณุช ฺฉู ุขุณูู ุจูุฏู ูู ุงุชูุงูุง ูุณุจุชุง ุณุฎุช ุจูุฏ) ุจูุฏ ู ูููููุ ูุงูุนุง ฺฉู ฺฉุฑุฏู ููุช ุนูููุงุฑู ุฒุฏู,1
ุณูุงู ุจฺูุง ุฎูุจู ููู ูุฑุฏุง ฺฉูฺฉูุฑ ุฏุงุฑู ููุด ุงุญุณุงุณ ูฺฉูู ุจูุฏ ูุจุงุดู ฺูู ูููุทูุฑ ฺฉุชุงุจ ุฏุฑุณ ุฎููุฏู ููุท ๐ช๐ช,0
ุงุตูุง ุงููุทูุฑ ฺฉู ูฺฏูุชู ูุณุช ๐ ุณูุงูุง ุฑุงุญุช ูุณุชู,0
ุฏูุณุชุงู ุงฺฏู ูุงูุนุง ูุทุงูุนู ฺฉุฑุฏู ุจูุฏุฏ ุณูุงูุงุช ุณุทุญุดูู ุฏููุง ุจู 98 ู 99 ุจูุฏ ู ุงุฒููู ฺฉุงููุง ูุชุนุงุฏู ุจูุฏ ูู ุฎูุฏู ุฑุดุชู ุฑุงุถู ู ูุฑุฏุง ฺฉูฺฉูุฑ ุฏุงุฑู ููุท ุจู ุฎุงุทุฑ ุณูุงูุง ุนููู ุดุฑฺฉุช ฺฉุฑุฏู ฺฉู ูุงูุนุง ุจู ููุช ููุจ ุฏุงุฏ ุงุตูุง ูฺฏุฑุงู ูุจุงุดุฏ ูุฑฺฉ ูุงูุนุง ุชูุงุด ฺฉุฑุฏู ุจุงุดู ุจูู ุดู ุจุงุฏ ุจุณูพุงุฑู ุฏุณุช ุฎุฏุง ู ุงุดุงูุง ูุฑ ฺ ุตูุงุญ ูุณุช ูููู ูุดูโค๏ธ,1
ุจุง ุขุฑุฒู ููููุช ุจุฑุง ุดูุง,0
ุงุญุณูุช ุจ ุงูุฏ ุฏุงุฏู ุชูู ุจ ุจูุจู. ุงูุดุงููู ูููู ู ูพุฑูุฒ ุจุงุดุฏ,0
ุงุฏุจุงุช ู ุชุณุช ุณุฎุช ุฏุงุดุช ููุท ฺฉู ุงููู ุฑุฏ ูฺฉุฑุฏ ฺุฒ ุฎุงุต ููโูููุฏ ู ุงูุงูู ุฏุงุดุช ฺฉู ูุงู ฺฏุฑูุช ุจูุฏ ุงููู ุชู ุณุงูโูุง ูุจู ุงููุฏู ุจูุฏ ุงฺฏุฑู ุฎูุฏุช ูฺฉุฑ ูฺฉุฑุฏ ุฑุงุญุช ููููุฏ ู ุชุณุช ฺุฑูุฏ ูู ุฏุงุดุช ฺฉู ุณุฎุช ูุณุช ุงุตูุง ุงุฑุฒุด ูฺฏุงู ฺฉุฑุฏูู ูุฏุงุฑู ฺุฑุช ูุญุถู ุงููู ุจุช ูุฏู ูฺฏู ูุงู ฺฉู ุฒุจุงู ฺฉููุฒ ู ุณูุงูุง ูุจูุด ูุณุจุชุง ุณุงุฏู ุจูุฏ ุฏุฑ ฺฉู ูฺ ูุฏุงุดุช ุฌูุน ฺฉูู ุงููุฏุฑ ูุงูู ูฺฉูู ู ุฌูุฑ ูฺฏู ุณุฎุช ุจูุฏ ุงูฺฏุงุฑ ูุจู ุงู ฺฉุงููู ุฑู ููุด 80 ูุฒุฏู ุจุนุฏ ุงูุฌุง ุฏุฑุตุฏุชูู ูู ุดุฏู 30 ูู ุขูุง ุนูุฑุง ุจุง ูุงูฺฏู ุฏุฑุตุฏุชูู 10 ุฏุฑุตุฏ ุจุดุชุฑ ุงุฎุชูุงู ูพุฏุง ฺฉูู,1
ุชุง ุงูุฌุง ูพุงุณุฎ ู ุชุญููุดู ุจุฒุงุฑู ูุง ุฑูุชู ฺฉูฺฉูุฑ ุชุฌุฑุจู ุฏุงุฏู ู ุงููุฏู๐,1
๐๐๐๐,0
ูุงูุง ูู ูุจูู ููุฏ ู ูู ูุฑููฺฏุงูู ุฑุชุจูู 2900ุชุฌุฑุจ ุจูุฏ ูู ุณูุงูุงุฑู ุฏุฏู ุณุจฺฉุด ูููู ููุฏ ู ูู ุจุง ุงูุฏฺฉ ุชุบุฑ ฺฉู ุจู ููุฏ ู ูุดุช ุดุจู ฺฉุฑุฏู ุจูุฏ ู ุฏุฑุฌู ุณุฎุชุดู ุงูุตุงูุง ุฑุงุญุชุชุฑ ุจุง ุงูฺฉู ู ุณุงูู ุงุฒ ุฏุฑุณ ุฏูุฑู ูู ุณูุงูุงุดู ุฌูุงุจ ุฏุงุฏู ูู ูพุงุฑุณุงูู ุงุฒูุงุด ููุฑุซุจุช ูุงู ฺฉุฑุฏู ุงูู ุงุฒ ุงู ุณุฎุชุชุฑ ุจูุฏ ู ุงูฺฉู ุฏู ุงู ฺฉู ุชู ฺูุฏ ุณูุงู ุงูู ุณุฎุช ุจูุฏ ู ุฏู ูพููู ุฏุฑ ฺฉู ุงุฒููู ุบุณุชุงูุฏุงุฑุฏ ุจูุฏ,1
ุจุง 2900 ูุฑููฺฏุงูุ,0
ุงููุง ุชู ุฎููู ูุดุณุช ุณูุงูุงุฑู ูฺฏุง ูฺฉู ูฺฏ ุงุณููู ุฎุฎ,0
ุดุงุฏ ุนูุงูู ุฏุงุดุชู ูู ูู ููฺู ุฑุชุจู ุง ุจุงุฑู ูุฑู ูุฑููฺฏุงู,0
ุงุญุณูุช ุจู ุงูุชุฎุงุจุช ฺุฑุง ุจุงูุฑ ููฺฉู ุดูุงูุง ูพุงุฑุณุงู ุฏูุณุชู ุจู ุฏุงุฑูุณุงุฒ ู ูุฑููฺฏุงู ูุฑููฺฏุงูู ุงูุชุฎุงุจ ฺฉุฑุฏ ุดุบู ุฑุงุญุช ุจุงุดู ุจู ูุธุฑู,0
ุจุงุดุน ูุงูู ุจุงูุฑ ฺฉุฑุฏู......ุงุฎู ฺฉ ุจุง2900 ุชุฌุฑุจ ูุฑู ูุฑููฺฏุงู/ุจุนุฏ ฺฉุณุงู ุฏูุฑ ุงุฒ ุฏุฑุณ ุงููุฏ ููู ุฑู ุจุงูุง 70 ุฒุฏ ุ://///,0
ูุงูุนุง ูุฒูุชุฑุงูพู ุฑุงุฏูููฺ ุฑู ูู ฺฉุฑุฏ ุฑูุช ุจุง ุงูู ุฑุชุจู ูุฑููฺฏ ูุงูุนุง ุนุฌุจุน:/,0
ุงููุง ฺฉู ูโฺฏู ุงุณูู ุจูุฏ ู ุดูุง ุฒุงุฏ ุจุฒุฑฺฏ ูโฺฉูุฏ ุฎูุฏุดูู ููููุงู ฺฉู ุงุณุชุฑุณ ูุงุฑุฏ ูโฺฉูู ู ุงุนุชูุงุฏ ุจููุณ ูุฑุฏู ุฑู ฺฉู ูโฺฉูู ูุทูุฆู ุจุงุดุฏ ุชุฑุงุฒ ุฎูุจ ูุฏุงุฑู ูฺฏุฑูู ุจุง ุตูุญู ุดุฎุต ูููุฏู ูุธุฑ ูโุฏุงุฏู ุงูู ูู ฺฉู ุจุง ุตูุญู ุดุฎุต ุงููุฏู ูุธุฑ ุฏุงุฏู ุชุฑุงุฒ ุจุงูุงุดู ุจุฎุงุทุฑ ุชููุจ ูุงุด ุฏุงุฑู ูพุณ ุนุฒุฒุงู ุณุทุญ ุณูุงูุงุช ุจุงูุงุณุช ูู ุจุง ูุฏุฑุช ูุดู ุฏุฑุตุฏ ูุทููุจ ุจุฏุณุช ุงูุฑุฏ ุจู ุญุฑู ุจูู ุจู ุบุฑ ุงุณุงุชุฏ ฺฉู ุงุทููุงู ุฏุงุฑุฏ ุชูุฌู ูฺฉูุฏ (ุชุฑฺฉ ุดุฑุงุฒ),1
ุงุญุณูุช ุจุฎุฏุง ุณุฎุช ุจูุฏู ุงูุง ูุน ูฺฏู ุณุงุฏู ุณุงุฏู ุงุฎุฑ ุงู ุจฺูโูุง ูุฑู ุณุฑ ุฌูุณู ุจุง ุณุฎุช ุฑูุจู ุฑู ูุดุช ู ุบุงููฺฏุฑ ูุดู,0
ูุญุดุช ุงุฒ ุนุดู ฺฉู ูู: ุชุฑุณ ูุง ูุงุตูู ูุงุณุช! ูุญุดุช ุงุฒ ุบุตู ฺฉู ูู: ุชุฑุณ ูุง ุฎุงุชูู ูุงุณุช! ุชุฑุณ ุจููุฏู ูุฏุงุฑู ุตุญุจุช ุงุฒฺฉุดุชู ูุงุฎูุงุณุชู ุนุงุทูู ูุงุณุช ฺฉููู ุจุงุฑุณุช ูพุฑุงุฒูฺ ฺฉู ุจุฑ ุดุงูู ูุงุณุช ฺฏูู ุงุฒ ุฏุณุช ฺฉุณ ูุณุช ููุตุฑ ุฏู ุฏูุงูู ูุงุณุช...!,1
ูพุณ ูุฑุฏุง ุขุฒููู ูุงุณุช . ุจุง ุชูุฌู ุจู ุนููู ููุฑ ุงุญุชูุงูุง ุนููู ูุง ูู ุณุฎุชู ๐ญ,1
ุฎุจ ุขุฑู ุฏุฑุณุช ูฺฏ . ุญุงูุง ูู ฺฉู ฺฉุงูู ฺฺฉุด ฺฉุฑุฏู ุงูููุฏุฑุง ูู ุณุฎุช ูุจูุฏ. ุชูุฑุจุง ูู ุณุทุญ ุจุง 99 . ุฏู ู ุนุฑุจุด ุจู ูุธุฑู ุฑุงุญุชโุชุฑ ุงุฒ 99 ุจูุฏ ๐,0
ุงฺฏุฑ ุณุฎุช ุจุงุดู ุจุฑุง ููู ุณุฎุชู,0
ุจฺูโูุง ุจ ุญุฑูุง ฺฉุณุง ุฏฺฏู ุชูุฌู ูฺฉูุฏ ุณูุงูุงุช ุณุฎุช ุจูุฏู ุฑูุฒ ฺฉูฺฉูุฑุชูู ุบุงููฺฏุฑ ูุดู ููู ุฒุงุฏู ฺฉุดุด ูุฏู ุชูุงู/:,1
ุจู ูุธุฑ ูู ููุท ุงุฏุจุงุช ุณุฎุชโุชุฑ ุดุฏู ุจูุฏ ู ุฏุฑฺฉ ูุทูุจ ุฒุจุงู ุทููุงู ุจูุฏ ุงูุง ูุฒููุง ุณุฎุช ูุจูุฏ ู ุณุงุฑ ุนูููโูุง ุฏุฑ ุญุฏ ุงูุชุธุงุฑ ุจูุฏู.... ุฏุงูุทูุจ ุชุฌุฑุจ,1
ุฏููุง ููู ุทูุฑู,0
ูุฑ ฺ ุขุฒููู ุณุฎุชโุชุฑ ูุชุฌู ุฑุงุญุช ุชุฑู,1
ุฏูุณุชุงู ูุทูุง ุจฺฏู ุณุงุนุช 8 ุดุฑูุน ุดุฏ ุง 8.30ุ,1
ูุซู ูพุงุฑุณุงูุ 8:30,0
8:30 ุดุฑูุน ุดุฏ,0
ูุดุช ู ูู,0
ุฑุงุณ 8:30 ุดุฑูุน ุดุฏ,0
ุฌูุงุจุงุฑู ฺฉ ูุฐุงุฑูุ,1
ุณูุงูุง ฺฉู ุชู ุณุงุช ุณูุฌุด ูุณุช ุงุฒ ฺฉุฌุง ุฏุงูููุฏ ฺฉููุ,1
ุชู ุณุงุชุง ุฏฺฏู ุจฺฏุฑุฏ ููุชุดุฑ ุดุฏู,0
ฺูุฏุฑ ุดูุง ุญุณูุฏ ู ูพุฑ ุงุฒ ุงูุฑฺ ููู ููู ููู ููู! ูุง ุง ุง ุง ุง ุง  ุฎุฏุง ฺูุฏุฑ ุณุฎุช ุจูุฏ! ุจุฏุชุฑู ฺฉูฺฉูุฑ! ูุง ุง ุง ุง ุตุฏ ุฑุญูุช ุจุง 99ุ ุงููุง ฺ ูุณุชูุฏ ฺฉู ูฺฏูุ ูุฎูุงูุฏ ุจฺู ูุง ฺฉู ฺฉูฺฉูุฑุดูู ุท ุฑูุฒูุง ุขุช ูุณุช ุฑู ูุงุงูุฏ ฺฉูุฏุุจฺูโูุง ุณูุงูุงุช ุฎู ุฎูุจ ุจูุฏูุฏ ู ุงุตูุง ุฌุง ูฺฏุฑุงู ูุณุช โคุณูุงูุงุช ฺฉูฺฉูุฑ 50 ุณุงู ูพุด ูู ุจุฑุง ฺฉุณ ฺฉู ูุฎููุฏู ูุณููุง ุณุฎุชู!:/ ูุฎููุฏู ุณุฎุช ุจู ุจุงุฑ ูุงุฑู ู ุซูุฑูโ ุฎููุฏู ุฑุงุญุช ู ุขุฑุงูุด ูุณุช. ุงุตูุง ุญุฑู ฺูุฏ ุชุง ฺฉุงุฑุจุฑ ุฑู ูุนุงุฑ ุฎูุฏุชูู ูุฑุงุฑ ูุฏูุฏ . ูู ูพุงุฑุณุงู ุจุง ุงูู ุญุฏ ุฏุดูุงุฑ ฺฉูฺฉูุฑ ฺฉู ูฺฏูุชูุฏ ูู ุจู ูุธุฑู ุฎูุจู /ุซุจุช,1
ุณูุงู ุฏูุณุช ุนุฒุฒ ุจฺู ูุง ฺฉู ูฺฏู ุณุฎุช ุจูุฏู ูุนูุด ุงู ูุณุช ฺฉู ูุฎููุฏู ูุงูุนุง ุณูุงูโูุง ุงูุฌูุฑ ุจูุฏู ู ุฑุจุท ูู ุจู ุงูู ฺฉูฺฉูุฑโูุง ุขุช ูุฏุงุฑู,0
ุฏูุช ฺฏุฑู ๐ุฎูุดู ุงููุฏ. ุงููุง ฺฉู ูฺฏู ุณุฎุชู ูุงุฒ ููู ูุณุชูุฏ. ูู ุฎูุจ ูุณ ุจูู ุฑู ูุงุงูุฏ ฺฉูุฏ. ุญู ุงููุงุณ ูพุณ ฺูุุซุจุช ฺฉูุฏ ูุฏุฑ,0
ุขุฑู.ููู ููุงููู.ุนูููโูุง ููุฏุงุฑ ุณุงุฏูโุชุฑ ุงุฒ ูพุงุฑุณุงู ุจูุฏู.ุจุนุถ ุณูุงูุงุช ูู ุฏุฑ ุญุฏ ูพุงุฑุณุงู. ุงูุง ุงุฎุชุตุงุตโูุง ุณุฎุชุฑ ุดุฏู ุจูุฏู.ุจุฎุตูุต ุฏุฑฺฉ ุนููู ุฑุงุถโููุฒฺฉ,0
ุนูููุงุด ฺฉ ุจู ูุธุฑู ุฎู ุฎูุจ ุจููุฏ,0
ุฎูุจ ุงุฑู ฺฉุณ ฺฉ ูุฎููู ุณุฎุชู ุงูุง ูพฺฉ ุณูุฌุดู ูพุงุฑุณุงูู ุฏุฏ ู ุฒุฑ ุฏุฑุตุฏุงุฑู ุฏุฏุ! ูพุงุฑุณุงู ุงุฏุจุงุช ุตุฏ ูุฏุงุดุชู ุชู ฺฉูู ุดุดุตุฏ ุฏุงูุทูุจ ุชุฌุฑุจ ู ุตุฏ ุชู ุฒุณุช ูุฏุงุดุชู ููุท 30 ููุฑ ูุฒฺฉู ุตุฏ ุฒุฏู ู ููุฏ ููุฑ ูู ุฑุงุถ ุตุฏ ุฒุฏู ูู ุฎูุฏู ูพุงุฑุณุงู ุจูุฏู ุงูุณุงูู ูุณุชู ูู ูุงูุนุชู ฺฏูุชู ฺูู ูุจุงุฏ ุณุฑ ุฌูุณู ุบุงููฺฏุฑ ุดุฏ ุงู ุจุฏุชุฑู ุจุงุฏ ุณุฑ ฺฉูฺฉูุฑ ุฑู ุณูุงูุงุช ููฺฉูุณ ูฺฉุฑุฏ ุฒูุฏ ุฑุฏ ฺฉุฑุฏ ุงูุณุงู ูู ุฒุฑ ุฏุฑุตุฏุง ูุงุฏ ูุจูุฏ ุณุทุญ ฺุทูุฑู,0
ุจุฎุฏุง ุณุฎุช ุจูุฏ ุฏุฑูุบ ููฺฏู!,0
ุจู ูุธุฑ ูู ุณุฎุช ุจุงุดู ุจูุชุฑู ฺูู ุงฺฉู ุงุณูู ุจุงุดู ุจุงุจุฏ ุฏุฑุตุฏุง ุจุงูุง ุจุฒูู,0
ุงูุง ุณูุงูุง ุฒุงุฏ ุงุณููู ูุจูุฏูโูุง ุงููุฏ ูฺฏุฏ ุงุณูู ุจูุฏ ุงุณูู ุจูุฏ,1
ุจฺูโูุง ูุชูุณุทู ูฺฏุฑุงู ูุจุงุดุฏ,1
ูุงูุนุง ูฺฉุฑ ูฺฉู ูุชูุณุทู ุ!ุงฺฏุฑูฺฉุฑ ูฺฉู ูุชูุณุทู ูพุณ ูฺ ุงุดูุง ุจุง ุฏุฑูุณ ูุนุฑ ูุจุงุฏ ุฏุฑูุบ ุจฺฏู ุจุงุฏ ูุงูุนุชู ุจฺฏู ุญุฏุงูู ุจฺูโูุง ุฏฺฏู ุจุฏููู ุชู ุฑูุฒ ฺฉูฺฉูุฑ ฺฉุฏูู ุฏุฑุณ ุณุฎุชู ุง ู ู ุจุฏููู ฺุทูุฑ ุจุงุฏ ุจุงูุงุด ุฑูุชุงุฑ ฺฉูู,0
ุงูุงู ู ูฺฏุงู ุงุฌูุงู ฺฉุฑุฏู ุณูุงูุงุฑู ุงุฏุจุงุช ุณุฎุช (ุดุงุฏ ุงุฒ ูพุงุฑุณุงู ูู ุณุฎุชโุชุฑ ) ุนุฑุจู ุฎุฑุงุจู ูุธุฑ ูุฏุงุฑู ุฏู ูุนููู ูู ููุช ฺฏุฑ ุฒุจุงู ูุชูุณุท ุฑู ุจู ุจุงูุง ูุงูฺฏู ุชุฑุงุฒูู 6000 ูุณุช,1
ุงููุง ฺฉู ูฺฏู ุฑุงุญุช ุจูุฏู ูุดู ุจฺฏู ฺู ุฏุฑุตุฏ ุฑู ุจุฑุง ูุฑ ุฏุฑุณ ุฏุฑ ูุธุฑ ฺฏุฑูุชุฏ,1
ูู ูฺฏู ุณุฎุช ุจูุฏู ู ุฏุฑุตุฏ ูุงู ุชู ุขุฒููู ุนููู 4 ุชุฑ: ุงุฏุจุงุช 67 ุ ุนุฑุจ 45 ุ ุฏู 79ุ ุฒุจุงู 75,0
ุจุง ูุฏู ฺฏุฐุงุฑ ุฏู ุฒุจุงู ุจุงูุง 80. ุนุฑุจ ุจุงูุง 75 . ุงุฏุจุงุช ุจุงูุง 60 ุงู ุงุณุชุฏูุงู ุฌูุงุจ ูุฏู,0
ุงุตูุง ุทุฑุงุญ ู ุชุงูพ ู ุงูุฏุงุฒู ูููุช ุฏูุชุฑฺูโูุง ุจ ุงูุชุถุงุญู ูพุงุฑุณุงูู,1
ุณูุงู ฺฉ ุจฺฏู ูุฑุงุจุช ุณุฎุช ุจูุฏ ุง ูู???,1
ูู ุชุฌุฑุจู ุงูุฑูุฒ ุณูุงู ฺฉูฺฉูุฑ ููุฑ ฺฉุงุฑ ฺฉุฑุฏู ูุณุจุช ุจู ูพุงุฑุณุงู ุฎูุจ ุจูุฏ ูฺฏุฑุงู ูุจุงุดู,0
ูุญุดุชูุงฺฉ ุจูุฏ,0
ูู. ูุฑุงุจุช ู ูุบุงุช ุงุณูู ุจูุฏ. ุขุฑุงู ู ุฒุจุงู ูุงุฑุณ ฺฉู ุณุฎุช,0
ุณุฎุช ุจูุฏู,0
ุจฺูโูุง ุณูุงูุง ุงููุฏ,1
ฺฉุฌุงุ ุณุงุช ุณูุฌุด ูุณุช,0
ุนู ููุณุทุญ 99 ุจูุฏูุ,1
ู ุฏฺฏู ฺฉูพุด ุจุง ุงูุฒุงุด 20 ุชุง 30 ุฏุฑุตุฏ ุณุทุญ ุณุฎุชุดู 99 ฺฉ ูุดู1400,0
ุณูุงูุง ุฑู ุณุงุช ุณูุฌุดู ุจุฑู ุฏุงู ฺฉูุฏ,1
ุจฺูโูุง ูุฒฺฉ ุงูุณุงู ูุซู ูพุงุฑุณุงูู ฺฉูู ุฏุฑูุณ ุงูุณุงู ูุซู ูพุงุฑุณุงูู ุจุง ุชูุฌู ุจู ููููู ูุฑุงุฑ ุฏุงุฏู ุทุฑุงุญุง ุนููู ุงูุซุงู ฺฉูฺฉูุฑู ูพุงุฑุณุงูู ู ุทุฑุญ ูุณุจุชุง ุฏุดูุงุฑ ุณูุงูุง ูุณุจุช ุจ ูพุงุฑุณุงู ุงูุณุงู ูู ูุซู ูพุงุฑุณุงู ูู ุจุง ุงูุฒุงุด ุณุฎุช ุฏุฑ ุญุฏ 20ุง 30 ุฏุฑุตุฏู ูู ูููุฒ ููุชุธุฑ ุณูุงูุงุช ุฑุงุถ ุจุงุดู,1
ุฏูุณุชุงู ูฺฏู ูุฑุงุฑ ูุจูุฏ ุณูุงู ุงุฒ ุฌูุด ุถูุฑ ูุงุฏ๐,1
ฺฏูุชู ฺฉ ุญุธูุงุช ุฏุงุฏู ุจูุฏู,0
ูพุฑูุชฺฉููโูุง ุฑุนุงุช ุดุฏู ุจูุฏ ุ,1
ฺฉู ูุจุด ูู ฺฉุงููุง .ุชู ฺฉูุงุณ ฺฉู ูุง ุจูุฏู ู ููุฑ ุงุตูุง ูุงุณฺฉ ูุฒุฏ,0
ฺฉุณ ูุณุช 1401ุง ุจุงุดู ู ูุซ ูู ุงูุงู ุฏุงุฑู ุงููุฑ ุงูููุฑ ูโฺุฑุฎู ุชุง ุณุทุญ ุณูุงูุงุชู ุจุฏููู ุง ููุท ููู๐ุุงูฺฏุงุฑ ุฌูุนู ุงูุชุญุงู ูุฏู ูุซูุง๐๐,1
ูุง ูฺฏู ุฎู ุงุณุชุฑุณ ฺฏุฑูุชู :(,0
ูู 99 ุจูุฏู๐๐๐,0
ุงุฑู ูู ุจุจุฎุช,0
ููุฑุงู ุงูู (ฺฉูฺฉูุฑ 1401)๐,0
ุชููุง ูุณุช ๐,0
ูฺฺฉุณ ุชููุง ูุณุช...,0
ุทุจู ุชุญููุงุช ุงุฏุจุงุช ุทุจู ุฑูุงู ูพุงุฑุณุงู ุจุง ูููู ุชุงุฑุฎ ุงุฏุจุงุช ุงูุชุถุงุญ ุฏู ูุซู ูพุงุฑุณุงู ุนุฑุจ ูู ูุซู ูพุงุฑุณุงู ุฒุจุงู ูุชูโูุง ููุท ุฏุดูุงุฑ ุงู ุชุนู ุณุทุญ ููุง ุจูุฏู,1
ูพุณ ูููู 99 ูุฑู ูฺฉุฑุฏู,0
ุจุงุจุง ู ฺุฒ ุฏุฑุณุช ุญุณุงุจ ุจฺฏู ุฏฺฏู ฺฉ ูฺฏู ุณุฎุช ฺฉ ูฺฏู ุขุณูู...ููู ุชุญูู ฺฏุฑ ฺฉูฺฉูุฑ ุดุฏู,1
ูุณุจุช ุจู 99ูุงูุนุง ุจูุชุฑ ุจูุฏ ูู ุฎุจ ูฺฺฉุณ ุงูุชุธุงุฑ ุชฺฉุฑุงุฑ 98ุฑู ฺฉู ูุฏุงุฑู ูพุณ ูุชูุณุทู ุจุณุชฺฏ ุฏุงุฑู ุงฺฏู ุฎููุฏ ุฎู ุฎูุจ ุงุฒ ูพุด ุจุฑ ูุง ุงฺฏุฑู ูุฎููุฏ ุงุฐุชุช ูโฺฉูู ...,0
ุจุณุชฺฏ ุจู ุฎูุฏุช ุฏุงุฑู ุชูุฌู ูฺฉู ุจูุด ูุฑฺฉุณ ุฌูุฑู ูุงุณุด ฺฉุณ ุฎููุฏู ุจุงุดู ุงูููุฏ ุงุญุณุงุณ ุณุฎุช ููฺฉูู ุจุง ูุฌูุฏ ุณุฎุช ุณูุงูุง.ฺฉุณ ูู ูุฎููุฏู ุจุงุดู ฺฉู ูฺ.ุจู ุงูุฏ ููููุช ููู๐,0
ูฺฏุงู ฺฉูุฏ ุณุงู ฺฏุฐุดุชู ููู ุจุฏูู ุงุณุชุซูุง ูโฺฏูุชู ุณุฎุช ุจูุฏู ุจู ุดุฏุช ููุช ุงูุงู ฺฉ ูฺฏู ุณุฎุช ุจูุฏู ฺฉ ูฺฏู ุขุณูู ฺฉ ูฺฏู ูุซู 99 ฺฉ ูฺฏู ูุซู 98 ุ ุฎุจ ุฎูุฏุชูู ูุชูุฌู ุจุดุฏ ุณุทุญ ูุชูุณุท ุฏุงุดุชู ููู,0
ฺฉุณ ฺฉ ุฎููุฏู ุจุงุดู ุงุณููู ุจุฑุงุด ุฏุฑ ฺฉู ุงุณูู ุจูุฏูุณุจุช ุจ ุจุงุฑุณุงู,0
ุณูุงูุงุช ุงุฏุจุงุชุดุด ุชูุฑุจุง ุฏุฑ ุณุทุญ 99 ู ุดุงุฏ ุจุงูุงุชุฑ ุจูุฏ. ุณูุงู ุงุฎุฑุด ูู ุงฺฏู ุงุดุชุจุงู ูฺฉูู ูุฑุงุจุชู ุงุฑุงู ู ุฏุณุชูุฑ ุฑู ูุฎููุท ฺฉุฑุฏู ุจูุฏ ุจุงูู ู ููู ุชุฑฺฉุจ ุจูุฏ ูู ุณุฎุช ูุจูุฏ ุณูุงูุด ูฺฏุฑุงู ูุจุงุดู... ุนุฑุจุด ุฏุฑ ุญุฏ 99 ุดุงุฏ ุจุงูุงุชุฑ ุจุฑุง ุฎูุฏ ูู ุชุฑุฌูุด ุงุฒ ููุงุนุฏ ุณุฎุชโุชุฑ ุจูุฏ .. ุจูุด ุงุณููุชุฑ ุงุฒ 99 ุจูุฏ ู ุฎู ฺุงูุด ูุฏุงุดุช.. ุฒุจุงูุด ุฑุฏูฺฏุง ุฎูุจ ุฏุงุดุช ูู ุชู ูุงฺฺฏุงู ู ฺฉููุฒ ุณูุงูุงุช ฺุงูุด ุฏุงุดุช.. ููุดู ุจฺฏู ุฒุจุงูุด ุณุฎุช ุจูุฏ ูู ุตูุฑุช ุณูุงูโูุง ุทููุงูโุชุฑ ุงุฒ 99 ุจูุฏ ู ุฏุฑูุชุฌู ููุชฺฏุฑ ุชุฑ... ุฑุดุชูู ุชุฌุฑุจู,1
ุฏููุง ููู ุจูุฏ . ุงุฏู ูุธุฑุงุชู ูุฎููู .ููู ูฺฏู ุฑุงุญุช ุจูุฏ . ุงูฺฏุงุฑ ููุท ูู ุฎูฺฏู . ุฏููุง ููู ฺุฒ ุจูุฏ ฺฉ ุดูุง ฺฏูุช . ุฏุฑ ุญุฏ 99 .ูู ููุชฺฏุฑ,0
ูููู ุจุงุด๐ฅฐ๐ฅฐ,0
97 97 ฺฉูฺฉูุฑ,1
ุฏูุณุชุงู ุงุฒุชูู ุงุธูุงุฑูุงูู ฺฉุฑููุง ุฎูุงุณุชู ุง ููุ,1
ุฎุฑ ูุฎูุงุณุชูุฏ,0
ูู ูุฎูุงุณุชู,0
ุงุณูู ุจูุฏู ฺฉูฺฉูุฑุชูู ุจฺูโูุง ุชุฌุฑุจ ุจุฑุฏ ฺฉู ฺฉูู ุณูุงูุงุชุชูู ุจู ูุธุฑ ุงุณูู ูุงุฏ,1
ุจู ููู ุฏูุณุชููู ูุซ 98 ุจุงุฏ ุจุฑุง ู ูพุฒุดฺฉ ููู ุฑู 80 ูุฒุฏ ฺู ูุงุฏู ุงูู ุทูุฑ ุขุณูู !,0
ุงุณูู ุจูุฏู ุจุฑู ฺฉู ฺฉูู ุ,0
ฺ ุฑุจุท ุจ ุชุฌุฑุจ ุฏุงุดุช:/ุฏุฑุถูู ฺ ุณุฎุช ู ฺู ุงุณูู ุจุงุดู ูุฑู ูุฏุงุฑู ู ู ุงุฒููู ุฑูุงุจุชู....ุงฺฏู ุงุณูู ูุดู ูุซู 98 ฺฉู ุจุงุฏ ูุงุณู ูพุฒุดฺฉ ููู ุฑู 80 ูุฒุฏ....ูพุณ ุจุฎูุฏ ุฌู ูุฏุฏ::,0
ูุงุณู ุชุฌุฑุจ ุณูุงู ูุชูุณุท ุฎูุจู ุงุดุงููู ฺฉู ุงูุฌูุฑ ุจุดู,0
ุจฺูโูุง ูพุงุณุฎูุงูู ฺฉ ูุงุฏ,1
ุนุฒุฒุงู ูู ุฏุดุจ ุฏูุฏูู ุฏุฑุฏุฑ ุดุฏุฏ ุฏุงุดุชู ู ฺฉูพุณูู ูุงุฑฺุฒฺฉ ูุตุฑู ฺฉุฑุฏู ุชุงุซุฑุงุชุด ฺูุ ููฺฉูู ุชู ูุชุฌู ฺฉูฺฉูุฑู ฺฉู ุฌูุนุณ ุงุซุฑ ุจุฐุงุฑูุ!โค๏ธ๐นุชููุง ูฺฉูู ุจฺฏุฏโค๏ธููู ูฺฏู ุจุงุนุซ ูุดู ุนููฺฉุฑุฏุช ุจู ุดุฏุช ุจุฏ ุจุดู ุงูุงู ฺู ุฎุงฺฉ ุจู ุณุฑู ุจุฑุฒูุ!๐ญ๐ญ๐ญ๐ญ๐ญ๐ญ๐ญ๐ญ๐ญ๐ญ,1
ุณูุงู ูู .ุชู ุฎูุจ ูุฏ ฺฉูฺฉูุฑุช ุฑู ุจู ุฎุฏุง ุชูฺฉู ฺฉู ู ูุชุฑุณ,0
ุณูุงู ุจูุธุฑ ูู ุฑูุฒ ฺฉูฺฉูุฑ ูฺ ุงุชูุงู ุจุฏ ูููุชู ุญุช ุงฺฏุฑู ุจูุชู ุงุตูุง ุฑูุช ุชุงุซุฑ ููุฐุงุฑู ฺูู ุฎูุฏ ุจู ุฎูุฏ ุจุฏูุช ูุฏููู ฺฉู ุฑูุฒ ูููู ู ุญุชูุง ุญูุงุณุด ูุณุช ูู ุงูู ุงูุฑูุฒ ฺฉู ฺฉูฺฉูุฑ ุฏุงุฏู ูููุฏู ูุฑุงูุจุง ฺฉูุงุฑ ูู ูุงุณ ุฎูุฏุดูู ฺุง ุฑุฎุชู ุจูุฏู ู ุญุฑู ูุฒุฏู ูู ุงุตูุง ุฑูู ุชุงุซุฑ ูุฏุงุดุช ุงุตูุง ุงฺฏ ุชู ุฎููููู ุจูุฏู ุญุชูุง ุนุตุจุงู ูุดุฏู ุญูุงุณุชู ุจู ุงูุฌูุฑ ฺุฒุง ูพุฑุช ูฺฉู ูุทูุฆูู ุจุนุฏ ฺฉูฺฉูุฑุช ุจู ุญุฑู ูู ูุฑุณ ุจู ูู ฺฉู ุงูุฑูุฒ ุฎู ุญุงู ุฏุงุฏ ูููู ุจุงุด๐,0
ุจุจู ุนุฒุฒูุุฏูุฏูู ุฏุฑุฏ ุจู ุฎุงุทุฑ ุงุณุชุฑุณ ุฒุงุฏ ูุณุช.ุฎูุฏู ูพุงุฑุณุงู ุณุฑ ุฌูุณูโ ฺฉูฺฉูุฑ ุงุฒ ุฏูุฏูู ุฏุฑุฏ ุฏุงุดุชู ููุฑุฏู ุงูุณุงู ูู ฺฉู ุงุณุชุฑุณ ูฺฏุฑูุชู ูุฑ ููุช ุฏูุฏูู ุฏุฑุฏ ูุดุฏู.ุงูุงู ุฏู ุณู ุฑูุฒู ฺฉู ูุฑุต ุถุฏ ุงุณุชุฑุณ ูุฎูุฑู ูุงูุนุง ุขุฑูู ูุดู ุฏูุฏูู ุฏุฑุฏ ูู ุงูฺฉ ุดุฏ,0
ุนุฒุฒู ูุชุฑุณ ุงุชูุงูุง ฺฉุงูุฆู ุฏุงุฑู ุนููฺฉุฑุฏุช ุฑู ูุจุฑู ุจุงูุง,0
ุขุฑู ุดฺฉ ูฺฉู ุฎู ููู ฺฉูฺฉูุฑ ุงูุณุงู ฺฉู ูฺ ฺฉูฺฉูุฑ ุณุงู ุจุนุฏุชู ูู ุฎุฑุงุจ ูฺฉู๐,0
ููุงุชุง ุชุง ุฏู ุณู ุณุงุนุช ฺฏุฌ ุฏุงุฑู.ุจุนุฏุด ุงูฺฉู ุฎุงูุช ุฑุงุญุช,0
ูู ุงููู ฺฉู ูโุชููู ุนููฺฉุฑุฏุชู ุจู ฺฉูู ุจุงูุฑ ุฏุงุบููุชู ูุฑ ฺฉ ูู ุจูุช ฺฏูุชู ูโุฎูุงุณุชู ุชู ุฑู ุงุฒ ุฏุงู ุจู ุฏุฑ ฺฉูู ููู ูพุงุฑุณุงู ุทุฑู ุจุง ููู ูุฑุดู ูุจู ฺฉูฺฉูุฑ ุฎูุฑุฏ ุฑุชุจู 6 ููุทูู 3 ุดุฏ,0
ุณูุงู.... ุดูุง ุงูุงู ุงู ฺฉูพุณูู ุฑู ูุตุฑู ฺฉุฑุฏ ูพุณ ุฏฺฏู ุจูุชุฑู ุจู ฺฏุฐุดุชู ูฺฉุฑ ูฺฉู.... ูุฐุงุฑ ุงูฺฉุงุฑ ููู ุชู ุฑูุญุช ุงุซุฑ ุจุฐุงุฑู... ุจุง ุงูุฑฺ ุจุงุด ู ูฺฉุฑุง ูุซุจุช ฺฉู... ุงูุดุงููู ุฌูุนู ูุฏุฑุฎุด.... ุจู ุญุฑูโูุง ููู ุชูุฌู ูฺฉู,0
ุณูุงู ฺู ุฎุจุฑู ูุฑ ุฏุงุฑู ููุงุชุง 24 ุณุงุนุช ุจุนุฏ ุฏูุน ูุดู ุจุนุฏ ุจุงุฏ ุฑู ฺฉูฺฉูุฑ ุฌูุนู ุชุงุซุฑ ุจุฐุงุฑูุ ุดูุง ูู ุญุฑู ูุฑ ฺฉุณ ุฑู ุจุงูุฑ ูฺฉู.,0
ูู ุ ุจู ูฺ ูุฌู ุ ูฺ ุงุฑุชุจุงุท ูุฏุงุฑู. ุตุฑูุง ุฏูุณุชุงู ุชูููุงุชุดูู ุฑู ฺฏูุชู,0
ุฏูุณุชุงู ุจุฒุงุฑุฏ ุงูู ุจฺฏู ุจูุชูู ฺฉ ููุดู ุฏุฑ ุทูู ฺฉูฺฉูุฑูุง ุงุฎุฑ ุฏุฏู ฺฉ ุณูุงูุงุช ุนููู ููุฑ ู ุฒุจุงู ุงุฒ ุณูุงูุงุช ุนููู ุฑุงุถ ู ุชุฌุฑุจ ุณุฎุชโุชุฑ ุทุฑุญ ูุดู ูพุณ ูฺฏุฑุงู ูุจุงุดู,1
ุณูุงุงู ุฏูุณุชุงู ุ ูู ุฏุงูุดุฌู ูพุฒุดฺฉ ุงุตููุงู ูุณุชูโูุฑูุฏ 99ุ ุณุงู ูพุด ุจุง ุงูฺฉู ฺฉุงููู ูุจูุฏู ูู ูุฑุชุจ ุตูุญุดโุฑูโฺฺฉ ูฺฉุฑุฏู. ู ุจุงุนุซ ุจูู ุฎูุฑุฏู ุฑูุญู ูุดุฏุ ุจูุชุฑูโฺฉุงุฑ ุชุญูู ุณูุงูุงุช ฺฏุฑููโุงุฒูุงุด ูุจูุชููโูุณุชโููโุฎููุฏู ูุธุฑุงุช ุจูู,1
ุณูุงู ุจฺูโูุง ุงููุง ู ุฎุณุชู ูุจุงุดุฏ ุจู ฺฉุณุง ฺฉู ฺฉูฺฉูุฑ ููุฑ ุฏุงุฏู ุซุงูุง ูุฎูุงุณุชู ุจฺฏู ฺฉู ูุฑฺ ุณูุงูุง ุณุฎุชโุชุฑ ุจุงุดู ุจูุชุฑู. ฺูู ฺฉูฺฉูุฑ ุณุงุฏู ุชูุงูุง ุชูุงุฒ ุฏุงูุด ุขููุฒ ูุชูุณุท ู ุฒุฑูฺฏ ูุฏุงุฑู ูู ฺฉูฺฉูุฑ ุณุฎุช ุจุฑุงุญุช ูุฑูุดูู ุฑู ูุดูู ูุฏู,1
ุจู ูุธุฑ ูุงุฏ ูููู ู ุณุงู ุฏุฑ ููู ุงุณูู ุณุฎุช ุชุจุฏู ุจู ูุงููู ุดุฏู ...,1
ูุง 1401 ฺฉู ุงููู ุงุนูู ! ุฎุฏุง ุจู ุฏุงุฏ ุณุงู ุจุนุฏุง ุจุฑุณู ฺฉู ููู ฺฉุดููู ุจุฑู ุจุฎููู ฺฉู ฺฏุงูููู ุฒุงุฏุณุช!,0
ุงููููุช ูพูุฑุง ฺฉูฺฉูุฑ ูุง ุณุฎุช ูุดู ู๐ค๐,0
ูุนูููู ฺฉูฺฉูุฑ 94 ุณุฎุช ุจูุฏ 95 ู96 ูุนููู ุดุฏ 97 ุณุฎุช ุดุฏ 98 ุณุงุฏู ุดุฏ 99 ุจุงุฒ ุณุฎุช ุดุฏู1400 ุจู ูุณุจุช ุณุงุฏูโุชุฑ ุดุฏู ุงู ุนู ุจุนุถ ูโฺฏูุชู ฺฉู 1400 ุณุฎุชโุชุฑ ุงุฒ 99 ุง ูุซู 99 ุญุฑู ุงุดุชุจุงูู,0
ูู ูพุงุฑุณุงู ุชุฌุฑุจ ุฏุงุฏู ุงูุฑูุฒ ูู ุฑูุชู ููุฑ ุฏุงุฏู ุนููู ูุงุด ุฎู ุงุณูู ุจูุฏ,1
ุจุง ููุงุณู ุงู ูููุฏุงุฑ ุจุง ูููุฏุงุฑ ุณุงู 99 ุฑุงุญุช ูุดู ูููุฏ ุนููู ุงูุณุงู ููุฑ ุงุฒ ูพุงุฑุณุงู ุฏุฑ ุชูุงู ุฏุฑูุณ ุฑุงุญุชโุชุฑ ุจูุฏู,1
ูู ุนุฒุฒู ุจู ุฎุงุทุฑ ุณุฎุช ฺฉูฺฉูุฑ 99 ุงูุณุงู ุจฺูโูุง ูุงุณู ุงุฒููู ุณุฎุช ุงูุงุฏู ุจูุฏู ู ุดูฺฉู ูุดุฏู ูฺฏุฑูู ูู ฺฉู ุดุฑฺฉุช ฺฉุฑุฏู ุญุณ ูฺฉูู ุชู ุฏุฑุณ ุงุฏุจุงุช ู ุฒุจุงู ุณุฎุชุฑ ุดุฏู ุจูุฏ,0
ูู ุนุฒุฒู ุจู ุฎุงุทุฑ ุณุฎุช ฺฉูฺฉูุฑ 99 ุงูุณุงู ุจฺูโูุง ูุงุณู ุงุฒููู ุดุฎุช ุงูุงุฏู ุจูุฏู ู ุดูฺฉู ูุดุฏู ูฺฏุฑูู ูู ฺฉู ุดุฑฺฉุช ฺฉุฑุฏู ุญุณ ูฺฉูู ุชู ุฏุฑุณ ุงุฏุจุงุช ู ุฒุจุงู ุณุฎุชุฑ ุดุฏู ุจูุฏ,0
ุฎุจ ูููุฒ ุชุนุฏุงุฏ ุจุงูุง ูุณ ..,0
ุฏูุณุชุงู ุณุทุญ ุณูุงูุงุช ุฑุง ุฎู ุนุฌุจ ุชูุตู ฺฉุฑุฏูุฏ .ุนู ุงุฏุจุงุช ูุชู ูพุงุฑุณุงู ุจูุฏูุ,1
ุจฺูโูุง ุจุดุชุฑ ุดุจู ฺู ฺฉูฺฉูุฑ ุจูุฏุ,1
ุดุจู 99. ุจุฑุง ุฏุงูุด ุงููุฒ ุฎูุจ ูุซู ุชู ุงู ุนุงูู ฺูู ุจู ุญูุช ูุฑุณ. ุงุฏุช ูุฑู ูุฑุงุฑ ูุณุช ููู ุฏุฑุณูุง ุฑู ฺฉุงูู ุฌูุงุจ ุจุฏ... ุฎูุจ ุงุณุชุฑุงุญุช ฺฉู,0
1400๐,0
ุจู 99 ูุณุจุช ุจู ุจูู ูุทุนุง ูุฒุฏฺฉโุชุฑ ุจูุฏ ..ุจูุธุฑู ูุซู 99 ุจูุฏ ุจุฌุฒ ุฏู ฺฉู ฺฉู ุขุณููโุชุฑ ุจูุฏ ูุงูุนุง,0
ฺฉูฺฉูุฑ 98,0
ู ููุฑุฏ ูู ูุณุช ุดุงุฏ ุณูุงูุงู ฺฉู ุจุฑุง ุฏุงูุด ุงููุฒุงู ููุฑ ุณุฎุช ุจุงุดู ุจุฑุง ุชุฌุฑุจ ู ุจูู ุงุณูู ุจุงุดู (ูุฒุงู ูุทุงูุนู ฺฉูุชุฑ ุฏุงุฑู ุงุฒ ุฏฺฏุฑ ุฑุดุชู ูุง) ุดุฑููุฏู ูุตุฏ ุชููู ูุจูุฏ ููุท ุงูฺฉ ุจู ุฎูุฏุชูู ุงุณุชุฑุณ ูุฏุฏ,1
ุงฺฉุซุฑ ููุฑโูุง ุฑู ุฏุงูุด ุขููุฒุงู ุฑุงุถ ุชุฌุฑุจ ุชุดฺฉู ูุฏู. ุงู ฺู ุญุฑูู,0
ูุฑูุงุดุงุช ุดูุง ุตุญุญ ูู ุฎู ุนุธู ุงุฒ ุฏุงูุทูุจุงู ุฑุดุชู ููุฑ ุจฺูโูุง ุดุงุฎูโ ูุธุฑ ุจูุฏู ฺฉู ูุฎูุงุณุชู ุจุฑุง ุขูุงุฏฺฏ ุดุฑฺฉุช ฺฉูู,0
ุฏููุง ููู ููู ฺฉู ุฑุงุถู ูฺฏู ุฎู ุฑุงุญุช ุจูุฏ ููุฏููู ฺุฑุง ุงูุง ุงููุฏุฑ ุฒุฏู ุณุฎุช ุจูุฏู,0
ุจูุฏู ุฎุฏุง ูููุฏ ฺ ุจฺฏู๐คฃ๐คฃ,0
ฺุฑุง ุณูุงูุงุช ููุงู ุฑู ุณุงุชุ,1
ุณุงุนุช 2,0
ุณุงุนุช 2 ุณูุฌุด ุณูุงูุง ุฑู ูุฐุงุฑู ุชุงุฒู !,0
ุณูุงู ุจุฑ ุฏูุณุชุงู ุฑุดุชู ููุฑ ุฎุณุชู ูุจุงุดุฏ . ุฏุฑุณ ููุฑุฏ ุจุญุซ ฺฉุฏุงู ุจูุฏ ุงุฒ ูุญุงุธ ุณุฎุช ุ,1
ุจฺู ูุง ฺฉู ุชุฌุฑุจุดู ุฏุงุดุชู ูุดู ุจฺฏู ุณุทุญ ุณูุงูุงุช ุฑุดุชูโูุง ูุฎุชูู ุฑุจุท ุจู ูู ุฏุงุฑูุ ูุซูุง ูพุงุฑุณุงู ุนููู ููู ุฑุดุชูโูุง ุฏุฑ ฺฉ ุญุฏ ุจูุฏุ ุง ุดู ุฑุงุถ ูู ูุซู ุชุฌุฑุจ ุณุฎุช ุจูุฏุ,1
ุณูุงู ููุช ุจุฎุฑ ุจุง ุงุฑุฒู ููููุช ูุงุณูโ ูููโ ุฏูุณุชุงู ุจูุฏู ุงูุณุงู ุจุงุฑ ฺูุงุฑู ูุณุช ฺฉู ฺฉูฺฉูุฑ ูุฏู ู ุงูู ูููุฏู ฺฉู ุงุฒ ุฑู ุณูุงูุงุช ุฑุดุชูโูุง ุฏฺฏ ูุดู ุณุทุญ ฺฉูฺฉูุฑ ุฎูุฏูููู ุญุฏุณ ุฒุฏ ุญุฏูุฏ ูุซูุง ุงฺฏุฑ ุงุฏุจุงุช ุณุฎุช ุจูุฏู ุจุงุดู ูุงุณูโ ูุง ูู ุงู ุงูฺฉุงูุด ูุฌูุฏ ุฏุงุฑู ... ูู ุงุณุชุซูุง ูู ูุณุช ู ุฏุฑุจุงุฑูโ ุดู ูู ุจุงุฏ ุจฺฏู ูฺ ุณุงู ุดู ุฑุดุชู ุฑุงุถ ุจุง ุชุฌุฑุจ ฺฉุณุงู ูุจูุฏู ูุนูููุง ุชุฌุฑุจ ุณุทุญ ุจุงูุงุชุฑ ุฏุงุฑู... ูููโ ุชูุถุญุงุช ุจูุฏู ูุณุจู ู ุจุฑุง ูุฑ ฺฉุณ ุจุณุชู ุจู ุณุทุญ ูุทุงูุนุด ูุชูุงูุชู ุงูุฏูุงุฑู ฺฉูฺฉุชูู ฺฉุฑุฏู ุจุงุดู,0
ุชุง ุญุฏูุฏ ุจู ูู ูุฒุฏฺฉ ุงูุฏ,0
ุฏุฑูุฏ... ุง ฺฉุงุด ุณูุงูุงุช ุดู ุฑุงุถ ุฑุง ุจุฑุฑุณ ูฺฉุฑุฏุฏ ...ุดู ุฑุงุถ 99 ุญุช ุณุฎุชโุชุฑ ุงุฒ ุชุฌุฑุจ ุจูุฏ.,0
ุขุฑู ุฏุงุฑู ูพุงุฑุณุงู ุณุทุญ ุณูุงูุงุช ูุฑ 4 ุฑุดุชู ุจุฑุง ุนููู ูุงุดุจู ูู ุจูุฏ ุญุช ุชูพ ุณูุงูุงุช ฺฉู ุนูุถ ุดุฏู ุจูุฏ ูุงุณู ูุฑ ฺูุงุฑ ุฑุดุชู ุนูุถ ุดุฏ ุณูุงูุงุช ุดู ุฑุงุถ ุงฺฏู ุณุฎุช ุจุงุดู ูุงุณู ุชุฌุฑุจ ูู ุณุฎุชู ู ุงฺฏู ูุงุณู ุฑุงุถุง ุขุณูู ุจุงุดู ุจุงุฒ ูุงุณู ุชุฌุฑุจ ุดู ุณุฎุชู๐ ุฏุฑ ฺฉู ุฑุจุท ูุฏุงุฑู ุฒุงุฏ ุจุงูู,0
ุจูู ุณุงุณุช ุณุงุฒูุงู ุณูุฌุด ุชูุฑุจุง ุฏุฑ ููู ฺฉูฺฉูุฑโูุง ฺฉุณุงู ุนู ุจุง ุชูุฌู ุจู ูุธุฑ ุณูุฌโูุง ุงูุชุธุงุฑ ูุฑู ุนูููโูุง ุงุณูู ู ุงุฎุชุตุงุตโูุง ฺฉู ุณุทุญ ุจุงูุง ุฏุงุดุชู ุจุงุดูุฏ,0
ุณูุงู ุงุฒ ูุญุงุธ ุณุทุญ ุณูุงูุง ุชูุฑุจุง ูุดู ฺฏูุช ุดุจู ูู ูุณุชู ููฺูู ุจุนุถ ุงุฏูโูุง ูู ฺฉ ุชู ฺฉูฺฉูุฑุง ุฏฺฏู ูุงุฏ ุงุญุชูุงู ุฒุงุฏ ุชู ฺฉูฺฉูุฑ ุชุฌุฑุจ ู ุฑุงุถ ูู ูุซู ููููุง ูุงุฏ,0
ุณูุงู ุจฺูโูุง ูุทูุง ุจฺฏู ฺฉู ูุณุจุช ุจู ฺฉูฺฉูุฑ 99 ฺุทูุฑ ุจูุฏุ ุจุดุชุฑ ุดุจู ุจู ฺู ุณุงู ุจูุฏุ,1
97 ุชูุฑุจุง ุจุฌุฒ ุงุฏุจุงุช,0
ุฏูุณุชุงู ุชุฌุฑุจ ุงุตูุง ููุดู ุจู ุณูุงูุงุช ฺฏุฑูู ููุฑ ุฑุงุถ ู ุงูุณุงู ุชฺฉู ฺฉุฑุฏ ูฺููุช ููุดู ุณุทุญ ุณูุงูุงุช ุฑู ูพุด ุจู ฺฉุฑุฏ ููุท ุดูุง ุชููุง ฺฉุงุฑ ฺฉู ุจุงุฏ ุงูุฌุงู ุจุฏ ุงุณุชุฑุณ ูุฏุงุดุชู ุจุงุด ู ุฒุงุฏ ฺฉูฺฉูุฑ ุฑู ฺฏูุฏู ูฺฉูู ูุทูุง,1
99 ุดู ุณุฎุชโุชุฑู ุฏุฑุณ ุฑุงุถ ุจูุฏ ูุฑุฏุงุด ูู ูููู ุงุด ุจูุฏู ูููู ฺฉุงุณู๐๐,0
ูุดุฏุงุฑ ูุดุฏุงุฑ ุจุง ุงู ุงุฎุชุตุงุต ูุง,1
ฺฉูฺฉูุฑ 99 ููู ฺุฒู ุฏุฑ ุญุฏ ุงูุชุธุงุฑ ฺฉุฑุฏ(:,1
ุฎุฑ ุงุชูุงูุง ุชู ุชููุฒูู ูู ุจฺูโูุง ูุธุฑ ูุฏุงุฏู ูฺฏูุชู ุณุฎุช ู ูู ุงุฏูู ูููุฏุงุฑโูุง ูู ุจุฑุง 99 ุงูุทูุฑ ูุจูุฏ,0
ูุทูุง ฺฉุณ ฺฉู ฺฉูฺฉูุฑ 99 ุฏุงุฏู ู ุชุฌุฑุจ ุจูุฏ ูุธุฑ ุจุฏู,1
ูู ูพุงุฑุณุงู ุดุฑฺฉุช ฺฉุฑุฏู ู ุงูุฑู ูู ุณุฑุฌูุณู ุฑูุชู ุงูุตุงูุง ุฑุงุญุช ุจูุฏ ููุท ุจุงุฏ ุฏุงูุด ุขููุฒ ุฏูุช ฺฉูู ฺฉู ุณูุงูุงุช ุขุณููโุชุฑ ุฑู ุงูู ุฌูุงุจ ุจุฏู ูู ูุณุจุช ุจู ุณุงู 99 ูุงูุนุง ุขุณูู ุจูุฏ,0
:/ฺุดู ุนุจุงุณ ุงูุง.ุงูุฑูุฒ ฺฉูฺฉูุฑ ููุฑ ุจูุฏู,0
ุณุทุญ ุณูุงูุงุช ุจู 99 ู 98 ุจูุฏ,1
ุงุฏุจุงุช ฺฉู ุจุงูุงุชุฑ ุจูุฏ,0
ุญุฏุณ ุฒุฏู ูุดุฏ...,0
ุฏููุง....,0
ุณูุงู ฺฉูฺฉูุฑุง ุนุฒุฒ ฺฉูฺฉูุฑุชูู ฺุทูุฑ ุจูุฏ ๐๐๐,1
ุงูุณุงู ูููโ ุฑุดุชูโูุง ุณุทุญ ูุชูุณุท ุฏุงุฑู ุงุฒ ูุจู ูุงุจู ูพุด ุจู ุจูุฏ,1
ุจฺูโูุง ูุทูุง ุจฺฏู ูุณุจุช ุจู ฺฉูฺฉูุฑ 99 ฺุทูุฑ ุจูุฏุ ุจู ฺฉูฺฉูุฑ ฺู ุณุงู ุจุดุชุฑ ูุฒุฏฺฉ ุจูุฏุ,1
ุณูุงูุงุช ุงุฏุจุงุช ฺฉู ุฒูุงูุจุฑ ุจูุฏ ุฒุจุงูุด ูุซู ูพุงุฑุณุงู ุฏู ุจุงุฏ ูุณูุท ูโุจูุฏ ู ูุชูุณุท ุนุฑุจ ูุชูุณุท ุงูุจุชู ูู ูุฏุฑุช ุฒูุงูู ุฎู ุจุฏู ูฺฏุฑ ู ุฎู ุณุฎุช ูุจูุฏ ูู ุฏฺฏู ุณูุงูุงุช ุฌุฏุฏ ุฏุงุดุชู ุชุฎุตุตโูุง ูู ูู ุชุฌุฑุจู ููุท ูุจุงุญุซ ุฑุงุถ ู ูุฒฺฉุดู ุฒุฏู ูุฒฺฉ ฺฉ ูฺ ฺฉุชุงุจ ุงูุง ุฑุงุถุด ุฒูุงูุจุฑ ู ุขุณูู ุจูุฏ ูู 80 ุฏุฑุตุฏ ุณูุงูุงุช ููุฏุณู ุจูุฏ ฺฉ ูู ุญุฐูุด ฺฉุฑุฏู ูู ฺฉูุง ุจฺฏู ุงูุณุงู ุจุฑุง ุชุฎุตุต ูุงููู ุชู ุชุฌุฑุจ ุฎูุฏุชููู ูุงุณู ุณูุงูุงุช ุณุฎุช ูุซู ูพุงุฑุณุงู ุขูุงุฏู ฺฉูุฏ ุทุฑุงุญ ุนุฒุฒ ฺฉ ฺฉุฑููุง ููุดูุงุณู ุนูุฏู_ุง_ูุจุงุดู,1
ุฏูุณุชุงู ุดูุง ูุฑฺูุฏุฑ ุชูุงุด ฺฉุฑุฏู ุจุงุดุฏ ูุชุฌู ูฺฏุฑุฏ ูู ูุชุงุณูู ุจุฑุง ู ุนุฏู ฺฉู ูุงู ุจ ุฎูุฏ ู ุจ ุฌูุช ุงุณุชุฑุณ ูุงุฑุฏ ูฺฉูู. ูุฑฺูุฏุฑ ุงุณุชุฑุณ ุฏุงุดุชู ุจุงุดุฏ ุจู ุถุฑุฑ ุฎูุฏุชููู ฺฉู ุขุฑูู ุจุงุดุฏ ููุท ูุฑุงุฑู ุจุฑุฏ ุณุฑ ุฌูุณู ูุฑฺ ุจูุฏู ุฌูุงุจ ุจุฏู ฺู ุงููุช ุฏุงุฑู ฺฉูฺฉูุฑ ููุฑ ุณุฎุช ุจุงุดู ุง ุขุณูู. ูุฑ ฺฉุณ ุจุณุชฺฏ ุจู ุณุทุญ ุฎูุฏุด ุฏุงุฑู. ุจู ุฎูุฏุชูู ุจุงูุฑ ุฏุงุดุชู ุจุงุดุฏ.ุจู ุงูุฏ ุฎุฏุง ุจูุชุฑูโูุง ุจุฑุงุชูู ุงุชูุงู ูููุชู.,1
ุชู ูุธุฑุฎูุงู ุจุงูุง ฺฉู ุนูููุง ุจุฏ ูุณุชู ูู ุงุฎุชุตุงุตุง ุจู ูุธุฑ ุณุฎุช ูุงุฏ ุนู ุดุงุฏ ุฑุงุถ ู ุชุฌุฑุจ ูู ูููุทูุฑ ุจุดูุ ุฎุฏุง ฺฉูู ุณุทุญ ุณูุงูุงุช ุฒุงุฏ ุณุฎุช ูุจุงุดู,1
ูุฑฺ ุฎุฑู ูููู ูุดู,0
ุณูุงู ุฏูุณุชุงู... ฺฉูฺฉูุฑ ููุฑ ฺุทูุฑ ุจููุฏุ,1
ุณูุงูุงุช ุนููู ูุซู ูพุงุฑุณุงู ุจูุฏ,0
ุงฺฏู ุฎููุฏู ุจุงุด ุฎู ุฑุงุญุช ุฌูุงุจ ูุฏ ููุฏููู ฺุฑุง ุจูู ุฒุฏู ุณุฎุช ุจูุฏู ุงฺฏู ฺุฒ ูุฎููุฏู ุจูุฏู ุฑูุชู ุจูุฏู ูุนูููู ุจุฑุงุชูู ุณุฎุชู ุฎู ุณุทุญ ูพุงู ุจูุฏ,1
ูู ุฑุดุชู ุฑุงุถู ุงุตูุง ููุฑ ูุณุชู ูู ฺฉูฺฉูุฑุดู ุฏุงุฏู,0
ูุงูฺฏู ุชุฑุงุฒุช ฺูุฏูุ,0
ูุชุงุณูุงูู ฺฉุงููู ุงูุณุงู ุชู ูฺ ุขุฒููู ุณูุงู ุชุงุฑุฎ ุงุฏุจุงุช ูุดุงุจู ฺฉูฺฉูุฑ 99 ุทุฑุญ ูฺฉุฑุฏ ูู ุงูุณุงู ุฏูุจุงุฑู ุงู ุชูพ ุณูุงู ุชฺฉุฑุงุฑ ุดุฏ,1
ุฎุจ ุนุฒุฒ ุณูุงูุงุช ฺูุฏููุฑุฏ ุฒุณุช ู ุดู ูู ุดุงุฏ ุจุงุฑ ุงูู ฺฉู ุทุฑุญ ุดุฏู ุบุฑุงุณุชุงูุฏุงุฑุฏ ุจูุธุฑ ูููุฏู ูู ููุช ฺูุฏ ุณุงู ูุทุฑุญ ุจุดู ุฏฺฏู ุฌุฒู ุณูุงูุง ุชูพ ฺฉูฺฉูุฑ ุจุดูุงุฑ ูุงู ู ุจุงุฏ ุชู ุขุฒูููุง ุงุฒุดูู ุณูุงู ุจุงุฏ,0
ุจุฑุง ุงู ุทุฑุญ ูฺฉุฑุฏ ฺฉ ุงู ุชูพ ุณูุงู ฺฉุงููุง ุบุฑ ุงุณุชุงูุฏุงุฑุฏู.,0
ุชฺฉุฑุงุฑ ูฺฉุฑุฏ ฺูู ุงุฑุฒุด ูุฏุงุฑู ุงูู ุณูุงูู ุจุฒู,0
ุฏูุณุชุงู ูุดู ุจฺฏุฏ ุณุทุญ ุฏุณุชูุฑ ุฒุจุงู ู ุงุฑุงูโูุง ุงุฏุจ ฺุทูุฑ ุจูุฏู ุูุทูุง ุฑุงูููุง ฺฉูุฏ,1
ุณุงุนุช 14ุณูุฌุด ุณูุงูุงุฑู ูุฒุงุฑู,0
ุณุฎุช ู ุฒูุงูุจุฑ,0
ุจูุฏู ุงูู ูพุงู ุฏุฑููุฑุฏ ุณุฎุช ุขุฒููู ูุธุฑ ุฏุงุฏู ู ุชูุตู ฺฉุฑุฏู ุญุชูุง ูุบุงุช ูพุงุงู ฺฉุชุงุจ ูุงุฑุณ ฺุงูพ 99 ูุทุงูุนู ุจุดู ุ ฺฉ ุจุฑุง ูุบุงุช ููุจุน ูุฎุฑู ฺฉู ูู ุจุฎูุงู ุชุจูุบ ฺฉููุ ูุทูุง ุซุจุช ฺฉูู ูุถุงูุช ูุงุฏุฑุณุช ุดุฏู ุฏุงุฑู ุฏูุงุน ูฺฉูู ฺุฑุง ุซุจุช ููฺฉููุ,1
ุณุทุญ ุณูุงูุงุช ูุซู 99 ุจูุฏุ,1
 ุชูุถุญ ูู ุจุฏู ุจ ุงูู ุฏุณุชู ุชุฑุงุฒ ุฒุฑ 6250 ฺฉู ุงููุฏู ุฒุฏู ุงุฏุจุงุช ุฏุฑ ุญุฏ ุงูุชุธุงุฑ :/ ุนุฒุฒู ููุธูุฑ ุงู ูุณ ฺฉ ุชู ุงูุชุธุงุฑ ุฏุงุดุช ุงู ููุน ุณูุงูุง ุฑู ุง ู ฺูู ุฏฺฏู ุงฺฉุซุฑุช ูุฏููู ุงูฺฉุงูุด ูุณ ูุซ ูพุงุฑุณุงู ุจุดู ููุธูุฑ ุงูู ุงุง ุงุฒ ุณุทุญ ุงุณุชุงูุฏุงุฑุฏ ฺฉ ุฏุฑ ฺฉูฺฉูุฑ ูููุฏู ุณุฎุชโุชุฑ ุจูุฏู ุง ู /:,1
ุณูุงู ุจุงูุง 6250๐,0
ุจฺูโูุง ฺฉูฺฉูุฑ ฺุทูุฑ ุจูุฏุ,1
ุณุทุญ ุฏุดูุงุฑ ฺฉูฺฉูุฑ ููุฑ ุจู ูฺ ฺฉูฺฉูุฑ ุฏฺฏู ุง ุฑุจุท ูุฏุงุฑู ู ูุซูุง ููฺฉูู ฺฉู ุณุฎุช ุจูุฏู ุจุงุดู ูู ฺฉูฺฉูุฑุง ุฏฺฏู ุขุณุงู ู ุงูุจุชู ุจุงูุนฺฉุณ ูู ููฺฉูู. ุฏุฑ ุถูู ุณุทุญ ุฏุดูุงุฑ ฺฉูฺฉูุฑ ุจุฑุง ูุฑ ุฏุงูุทูุจ ูุชูุงูุชู. ูพุณ ุงููุฏุฑ ุงู ุณูุงูุงุช ุจ ุงุณุงุณ ุฑู ููพุฑุณุฏ ู ุฏุฑ ุงู ุฑูุฒูุง ูพุงุงู ุจู ุฎูุฏ ุงุณุชุฑุณ ูุงุฑุฏ ูฺฉูุฏ. ุงฺฏุฑ ููุงูู ูุงฺฉ ฺฉู,1
ููุงูู ูุณุชู ูู ุนููู ุณุงูโูุง ูุฎุชูู ุฑู ุฏุฑ ุทูู ุณู ฺฏุงู ฺฏุฐุดุชู ุจุฑุง ูุฑ ุณุงู ุฒุฏู ฺู ฺฉูฺฉูุฑ 99 ฺู ฺฉูฺฉูุฑ 98 ู ฺู ฺฉูฺฉูุฑโูุง ูุงูุจู ุงูู ููู ุฏุฑูุณ ุชู ุนููู ุจุฑุง ุฑุดุชูโูุง ูุฎุชูู ูุชูุงูุช ูุจูุฏ ุจูฺฉู ุนูุง ูููู ุณุทุญ ุทุฑุญ ุดุฏ ุณุงุณุช ุณุงุฒูุงู ุณูุฌุด ู ุทุฑุงุญ ุนูููโูุง ุณูุฌุด ฺฉู ุงูฺฉ ุฌู ูุฏู ููุช ุงุทูุงุน ูุฏุงุฑู ุฑุงุฌุจุด ูุฑ ุณุงูู ุณุทุญ ฺฉู ูฺฏุฑ ุฏุฑ ุญุฏ 5 ุงู ุฏู ุฏุฑุตุฏ ุงุฎุชูุงู ุชู ูุงูฺฏูโูุง ุฒุฏู ุดุฏู,0
ุฏููุง.,0
ููุงูู ูุณุชู. ุชุง ุจุญุงู 5 ุจุงุฑ ฺฉูฺฉูุฑ ุฏุงุฏู ู ุงู ูฺฉุชู ุฑู ูููุฏู ฺฉู ุณูุงูุงุช ูุฑ ุณุงู ุฏุฑ ุชูุงู ุฑุดุชูโูุง ุงุฒ ุฏุฑุฌู ุณุฎุช ฺฉุณุงู ุจุฑุฎูุฑุฏุงุฑูุฏ. ุฏุฑ ุถูู ุฏุฑุณุชู ฺฉู ุณุฎุช ุณูุงูุงุช ุจุฑุง ููู ฺฉู. ุงูุง ุจู ุทูุฑ ฺฉู ูโุชูุงู ุฏุฑุฌู ุณุฎุช ฺฉูฺฉูุฑ ุฑู ุณูุฌุฏ,0
ุณุทุญ ุฏุดูุงุฑ ฺฉูฺฉูุฑ ููุฑ ุจู ูฺ ฺฉูฺฉูุฑ ุฏฺฏู ุง ุฑุจุท ูุฏุงุฑู ู ูุซูุง ููฺฉูู ฺฉู ุณุฎุช ุจูุฏู ุจุงุดู ูู ฺฉูฺฉูุฑุง ุฏฺฏู ุขุณุงู ู ุงูุจุชู ุจุงูุนฺฉุณ ูู ููฺฉูู. ุฏุฑ ุถูู ุณุทุญ ุฏุดูุงุฑ ฺฉูฺฉูุฑ ุจุฑุง ูุฑ ุฏุงูุทูุจ ูุชูุงูุชู. ูพุณ ุงููุฏุฑ ุงู ุณูุงูุงุช ุจ ุงุณุงุณ ุฑู ููพุฑุณุฏ ู ุฏุฑ ุงู ุฑูุฒูุง ูพุงุงู ุจู ุฎูุฏ ุงุณุชุฑุณ ูุงุฑุฏ ูฺฉูุฏ. ุงฺฏุฑ ููุงูู ูุงฺฉ ฺฉู,1
ุงุฏุจุงุชุด ุณุทุญ ุจุงูุงุจูุฏ ุฏูุชุง ุชูพ ุชุณุช ุฌุฏุฏ ุฏุงุดุช ฺฉู ุชู 99 ูุจูุฏุด ุงูุง ุงูุชุธุงุฑ ูุฑูุช ฺฉู ุชุงุฑุฎ ุงุฏุจุงุช ู ูุบุงุช ุฑู ูุชูุงูุช ุงุฒ 99 ุจุฏู ุงูุง ุงูุฌูุฑ ูุจูุฏ ุชุงุฑุฎ ุงุฏุจุงุช ุฏููุง ูุดุงุจู 99 ุจูุฏ ุจุงุฏ ุจุดูู ุจุช ุญูุธ ฺฉูู ุนุฑุจุด ูู ูุณุจุช ุจู ฺฉูฺฉูุฑูุง ฺฏุฐุดุชู ูฺฉุชูโูุง ุฑุฒโุชุฑ ุฏุงุดุช ฺฉู ุจุงุฏ ุจูุด ุฏูุช ูุดุฏ ุงูุงุฎุจ ฺฉูุง ุณุฎุช ูุจูุฏ ุฏุฑุณ ุฏูุด ุจูุชุฑ ุงุฒ 99 ุจูุฏ ูุงูุนุงุูฺฉุชู ุชุฑฺฉุจ ุฒุงุฏ ูุฏุงุดุช ุจุฑุฎูุงู ุฑุงุถ 99 ุฒุจุงูุด ูู ฺฏุฑุงูุฑุด ูุตูุด ุฑุงุญุช ุจูุฏ ูุตูุด ุณุฎุช ุูุบุงุช ุฒุจุงู ูู ู ูฺฉุชู ุง ฺฉู ุฏุงุดุช ุงู ุจูุฏ ฺฉู ุจุงุฏ ุจูุชุฑู ฺฏุฒูู ุฑู ุงูุชุฎุงุจ ูฺฉุฑุฏุูู ุตุฑูุงฺฏุฒูู ุฏุฑุณุช,1
ุจฺูโูุง ุฏู ูุซ ูพุงุฑุณุงู ุจุณ ุณูุงูุงุช ุงุฒ ุขู ุจูุฏ ุง ูุชู,1
ุจุดุชุฑ ุงุฒ ุงู ุจูุฏ ู ุฏุฑ ฺฉู ุงุฒ ูุชู ฺุฒ ฺุดูฺฏุฑ ูุฌูุฏ ูุฏุงุดุช ุชู ุณูุงูุงุช ู ุฎู ุฑุงุญุช ุจูุฏ,0
ุจฺูโูุง ุงุฒ ฺฉุฌุง ูุดู ุณูุงูุงุชูุฏุงูููุฏ ฺฉุฑุฏุ,1
ุณูุฌุด ุณุงุนุช 2 ูุฒุงุฑู,0
ู ฺฉู ูุธุฑุงุช ฺฏุฌ ฺฉููุฏู ุจูุฏ ุฎูุง ูฺฏู ูุชูุณุท ุจูุฏ ุงุฒ ุทุฑู ุชุนุฏุงุฏ ูฺฏู ูุซู 99 ุณุฎุช ุจูุฏ:/ ูุงูุนุง ฺฏุฌ ุดุฏู,1
ููฺูุงู ฺฉู ุฏุฑ ุณูุงูุงุช ุงุฏุจุงุช ู ุชุญูู ุตุฑู ุงูุฑูุฒ ุฏุฏู,0
ุฏุฑูุฏ ...ุจุจูุฏ ููู ุงูู ฺฉู ุขุฒููู ุงูุฑูุฒ ุฑู ุจุง ุชุฌุฑุจ 99 ููุงุณู ฺฉูู ุง ููุฑ 99...ุฏุฑ ููุงุณู ุจุง ููุฑ 99 ุงุฏุจุงุช ู ุฒุจุงู ฺฉู ุฏุดูุงุฑโุชุฑ ุจูุฏู....ุงูุง ูุณุจุช ุจู ุชุฌุฑุจ 99 ูุณุจุชุง ูู ุณุทุญ ุจูุฏู ุงูุจุชู ุฏู ุงูุชุธุงุฑ ูุฑูุช ุจุง ุชูุฌู ุจู ุณูุงูุงุช ูพุงุฑุณุงู ุงูุณุงู ุดุงูุฏ ุชุนุฏุงุฏ ุณูุงูุงุช ุชุฑฺฉุจ ุจุดุชุฑ ุจุงุดู ุงูุง ุจู ุดุฏุช ูุชู ฺฉุชุงุจ ุจูุฏ ู ุขุณุงูโุชุฑ ุงุฒ 99..ูู ฺูู ุฏุฑ ุจุงุฑู ุฒุจุงู ุจู ูุจุญุซ ุญุฑู ุงุถุงูู ุงุฎุชุตุงุต ุชูุฌู ุดุฏู ุจูุฏ ู ูู ฺูู ุจู ุงุตุทูุงุญุงุช ุฏู ุง ฺูุฏ ฺฉููู ุง.... ุงูุจุชู ุจุงุฏ ูุชุฐฺฉุฑ ุจุดู ฺฉู ุงุญุชูุงูุง ุฏุฑ ฺฉููุฑ ุชุฌุฑุจ ุดุงูุฏ ฺฉ ุง ุฏู ุณูุงู ุฌุฏุฏ ุฏุฑ ูุฑุฏุฑุณ ุฎูุงูู ุจูุฏ,0
ุขุฎู ุงูุง ฺุฑุง ุชุงุฑุฎ ุงุฏุจุงุช ุฑู ุงูุฌูุฑ ูุฏูุ ฺุฑุง ุงุฐุชููู ูฺฉููุ,1
ุจุงุฏ ุณูุงูุด ุจุงุฏ ุชุง ุฏููุชุฑ ุจุฑุฑุณ ุดู,0
ฺูู ูุฑุถู ุงููู ุงุฒ ููุน ุญุงุฏ,0
ฺูู... ูุณุชูุฏ๐,0
ุณูุงู ุฏูุณุชุงู ฺฉู ุงูุฑูุฒ ฺฉูฺฉูุฑ ุฏุงุฏู ุงูโุดุงุกุงููู ูููู ุจุงุดุฏ ุ ุนุฒุฒุงู ุจุฑฺฏู ูพุฑูุช ุดุฏู ุฎูุฏุงุธูุงุฑ ุฑู ุงุฒุชูู ุฎูุงุณุชู ู ุงูฺฉู ุณุงุนุช ฺูุฏ ฺฉูฺฉูุฑ ุดุฑูุน ุดุฏุ,1
ูู ูุดุช ููู,0
ูู ููุฎูุงู ุงููุง ูู ฺฉู ุฏุงุดุชู ฺฏูุชู ุจุฏู ุจู ุงููุงุชูู,0
ุฎูุฏ ุงุธูุงุฑ ุฑู ูุฎูุงุณุชู. ุณุงุนุช 8.30,0
ู ฺูุฏุฑ ูุนุทู ูููุฏู ุณุฑุฌูุณู ุฏููุง ฺฉุณุงุนุช ุจ ุฒูู ุฒู ุฒุฏู ุจูุฏู,1
ฺุฌูุฑ ุฒุจุงูู ุฒุฏู ุณุงุฏูโุชุฑ ุงุฒ ุงูุชุธุงุฑ:/ฺูุฏุฑ ุณุทุญุชูู ุจุงูุงูู,1
ูุง ุงูู ุฏฺฏู ๐,0
ุงุฏุจุงุชุด ฺฉู ุณุทุญ ุจุงูุง ุจูุฏ ุนุฑุจ ูุชูุณุท ุฑู ุจู ุจุงูุง ุฏูุด ุฎู ฺฉุดฺฉ ุจูุฏ ุฒุจุงู ูู ฺูู ฺฉูุง ุฒุจุงูู ุฎูุจ ูุณ ูุธุฑ ููุฏู๐,1
ฺฉูฺฉูุฑ ุงูุณุงู ูฺ ุดุจุงูุช ุจุง ุณุงู ฺฏุฐุดุชู ูุฎูุงูุฏ ุฏุงุดุช ุจู ูฺ ุนููุงู ุจุง 97 ููุงุณู ูฺฉูู.ุณุทุญ ุนูููโูุง ูุชูุณุท ุฑู ุจู ุจุงูุง ุงูุง ุชุงูุฏ ูฺฉูู ูุงุจู ุญู.ุฏู ููู ูฺฏู ุงุณูู ุงูุง ุฎุฑ ุฏู ูฺฉุงุช ุจุณุงุฑ ุฑุฒ ุฏุงุดุช ฺฉู ุจุงุฏ ุฏูุช ูุดุฏ.ุนุฑุจ ุณูุงูุงุช ุฎูุจ ุฏุฑฺฉ ูุทูุจ ุงุฏู ุงู ุงูุง ุณูุงูุง ุฏุฑฺฉ ูุทูุจ ฺฉู ุงุฒุงุฑุฏููุฏู.ุฒุจุงู ูู ุฒุจุงู ุฎูุจ ุจุฑุง ฺฉุณุงู ฺฉู ุชูุงุด ฺฉุฑุฏูุฏ ุงูุง ู ฺฉููุฒ ู ู ุชุณุช ุฑุฏูฺฏ ูฺฉุชู ุฏุงุฑ ุจูุฏ.ฺฉูฺฉูุฑ ุนููู ุงูุณุงู ูฺฉุชู ุฏุงุฑ ุฎูุงูุฏ ุจูุฏ.,1
ฺุฑุง ุจุงุฏ ุงูุฌูุฑ ูุธุฑ ุจุฏ ฺฉู ุจฺูโูุง ุฏฺฏู ููู ุจุฑุดูู ุฏุงุฑู ุงุตูุง ูุฑฺ ุจูุชุฑ ูุณุช ุชู ุงู ฺฉ ุฏูุฑูุฒู ุญุฑูุง ูุซุจุช ุจู ูู ุจุฒูู,0
ุฏูุณุชุงู ุชูุฌู ุฏุงุดุชู ุจุงุดุฏ ฺฉู ุจุนุถ ุงูุฑุงุฏ ููฺฉูู ุงุบุฑุงู ฺฉููุฏ ู ูุง ุฎูุงุณุชู ุจู ุดูุง ุงุณุชุฑุณ ูุงุฑุฏ ฺฉููุฏ.ุฏุฑ ูุชุฌู ุจูุชุฑ ุงุณุช ุณูุงูโูุง ฺฉู ุขูุฏ ุฎูุฏุชุงู ูุถุงูุช ฺฉูุฏ.๐,1
ุฏุฑุณุชู ุงุตูุงู ูุตู ุจุดุชุฑุดูู ฺฉูฺฉูุฑ ูุฏุงุฏู,0
ุฏุฑุณุช ูฺฏู ุจุนุถโูุง ูุฎูุงุฏ ูููู ูุดุฏ ุชูฺฉูุชูู ุจุฎุฏุง ุจุงุดู,0
ูุดู ุณุฑ ุฌูุณู ุงุชูุฏ ุถุฎู ูุฎุตูุต ุขุฒููู ุจุฑุฏุ,1
ุจูู ูู ุฏุฏู ุขูุฑุฏู ุจูุฏู ูุดฺฉู ูุฏุงุดุช,0
ุงุฑู ฺุฑุง ูุดู,0
ุขุฑู ูุดฺฉู ูุฏุงุฑู,0
ุงฺฏุฑ ูุฑุงุฑุน ุณุงุนุช 8/5 ุดุฑูุน ฺฉููุฏ ุงุฒ ุงู ุจู ุจุนุฏ ุญุฏุงูู ุณุงุฒูุงู ุณูุฌุด ุงุนูุงู ฺฉูู ุชุงู ุดุฑูุน ฺฉูฺฉูุฑ ุชุบุฑ ฺฉุฑุฏู ุฑู ุฏูุชุฑฺู ูู ุจุฒูู ูุดุชู ูู ฺฉู ุขุฏู ุชุงู ุจูุฏ ูโฺฉูู ุจู ูุดฺฉู ูุฎูุฑู,1
ุดูุง ุณุงุนุชุชู ุฑู 8 ุชูุธู ฺฉู,0
ูุฑุณุงู ฺฉูฺฉูุฑ ููู ูููุน ุจุฑฺฏุฒุงุฑ ูุดุน ููุดู ูฺฏู ูู ุณุงุนุช ุฒูุฏุชุฑ ฺฉ ููู ุจุดูู ู ุงุณุชุฑุณุดูู ุจุฑุฒุน,0
ุณุงุนุชู ูู ุณุงุนุช ุจฺฉุด ุนูุจ ุจุง ุฒูุงู ูุง ฺฉ ุฎูุฏุช ุชุนู ฺฉุฑุฏ ุจุฒู ุงูฺฉู ูุงุฑุงุญุช ูุฏุงุฑู,0
ุณุงู ูุจู ูู ูููุทูุฑ ุจูุฏ ุจุงุฏ ูโุฏููุณุช ูู ุฎู ูู ุงุชูุงู ุจุฏ ูุณุช ฺฉู ุงูุฌูุฑ ุดููุบ ูฺฉูุฏ ุณุงุนุช ุชูู ุฑู ูู ุณุงุนุช ุนูุจ ุจฺฉุดุฏ .ููู,0
ุดุฑูุน ุฏุฑ 8.30 ูุงุฌุฑุง ุฌุฏุฏ ูุณุชุด. ูุฑ ุณุงูู ููู ูููุน ุดุฑูุน ูุดู,0
ุณุฑ ุฌูุณู ุงููุฏู ูุงุณู ุดูุงุณุงุุนู ูุงุณฺฉ ุฑู ุฏุฑุขูุฑุฏูุ,1
ู ูุงูุง ู ุงุซุฑ ุงูฺฉุดุช ู ุดูุงุณูุงูู ู ูุงููููู ุฏุฏู ุญุช ุชูฺฉฺฉู ุจุง  ุฏุณุชฺฏุงู ููุฒุงุจ ุงูุฌุงู ุฏุงุฏู..ุจุงุจุงุชู ุจูุฑุณุช ุฌุงุช ุงูุชุญุงู ุจุฏู ุดฺฉ ููฺฉูู๐,0
ูุง ฺฉู ุชูุฑุงู ุจูุฏู ุงุฒ ุงู ุญุฑฺฉุชุง ูุฒุฏู,0
ุจูู ุงููุฏู,0
ู ุฎูุง ฺ ฺฉุงุฑ ุ,0
ุจู ุงููุฏู. ูุงูู ูุงุณฺฉู ุฏุฑุขูุฑุฏู,0
ุขุฑู ูุงู ูโุจูู ูุดูฺฏ,0
ูุงุฑุณ ุฏุฑุญุฏ 99 ุดุงุฏ ุดุงุฏ ุณุฎุช ุชุฑ!ุญุชูุง ูุบุงุช ุงุฒ ููุงุจุน ุฌุฏุฏ ูุทุงูุนู ฺฉูุฏ ุญุชูุงุ ุนุฑุจ ุฎูุจ ุ ุฏู ุณุงุฏูโุชุฑ ุงุฒ 99 ุ ุฒุจุงู ูู ูุณุจุชุง ุฎูุจ ุจูุฏ ุ ุฑุฏูฺฏโูุง ุฎูุจ ุฏุงุดุช,1
ูู ูุฑฺ ูููุณู ุซุจุช ููุดู ุจูุฏู ููุธูุฑู ฺฉุชุงุจโูุง ูุงุฑุณ ฺุงูพ 99 ุจูุฏ ฺูู ูุดูุงุณู ฺฉุณุงู ฺฉู ูููู ฺฉุชุงุจ ูุงุฑุณ ฺุงูพ 98 ุฑู ุฎููุฏู ุชูุตู ฺฉุฑุฏู ฺฉู ุถุฑุฑ ูฺฉูู ูุทูุง ูุถุงูุช ูุงุฏุฑุณุช ูฺฉูู,0
ุฌูุงุจ ุจูุฏู ููุธูุฑู ฺฉุชุงุจ ูุงุฑุณ ฺุงูพ 99 ุจูุฏ ฺูู ุฎูุง ุฑู ูุดูุงุณู ูุงฺู ูุงููโ ุขุฎุฑ ฺฉุชุงุจู ุงุฒ ฺฉุชุงุจ ูพุงุฑุณุงู ุฎููุฏูุ ุงูุตุงูุง ุจุฑุง ูุบุงุช ฺฉ ููุจุน ูุฎุฑูุ๐ ูุทูุง ุซุจุช ฺฉูู ูุถุงูุช ูุงุฏุฑุณุช ุดุฏู ุฏูุงุน ูฺฉูู,0
ูุบุงุช ุฏุฑ ุญุฏ ฺฉุชุงุจ,0
ุงูฺฉุงู ูุฏุงุฑู ุณูุงู ุชู ฺฉูฺฉูุฑ ูพุฏุง ุจุดู ฺฉ ูุงฺู ูุงูู ุงุฎุฑ ฺฉุชุงุจ ูพุงุณุฎฺฏู ูุจูุฏู ุจูุฏู ุจุฑุงุด ุงูฺฉ ุจฺูโูุง ุฑู ุจู ุฎุฑุฏ ููุจุน ูุบุช ุจุฑุง ูุงุฑุณ ุชุดูู ูฺฉูุฏ,0
ุณูุงู .ุณูุงูุงุช ุงุฏุจุงุช ุงุฑุงู ุงุฏุจ ู ุฏุณุชูุฑ ุฒุจุงู ฺุฌูุฑ ุจูุฏุ,1
ุฏุฑ ฺฉู ุจุฎูุงู ุจฺฏู ุจูุชูู ุจู ูุธุฑู ุณุทุญ ุงูุณุงู ุฎู ุดุจู 97 ูุณุชุ ููุธูุฑู ุณุทุญ ฺฉู ฺฉูฺฉูุฑูุ ู ูุดู ูุชุฌู ฺฏุฑูุช ููุท ุงู ุฏู ุฑูุฒ ุฎูุจ ุชูุฑู ฺฉูู ู ุณูุงูุง ุฑู ุจุฑุฑุณ ฺฉูู,1
ุงูุง ุจุฐฺฉุฑ ุงููู ุชุทูุฆู ุงููููุจ ุงุตูุง ู ุงุจุฏุง ูฺฏุฑุงู ูุจุงุดู ูุทูุฆูุง ูุฒุฏ ุชูุงุด ูุงุชูู ุฑู ูโฺฏุฑู ุชูฺฉู ุจู ุฎุฏุง,1
ุชุญูู ูุฏู ุณูุงูุง ุฏููุง ุจุนุฏ ุงุฒููู ุงูุฑูุฒ ูุฑุงุฑ ูฺฏุฑูุ๐ณุงฺฏู ุงูุทูุฑู ฺฉ ุฏูุชูู ฺฏุฑูู ูุงูุง๐โค,1
ุณุงุนุช ฺู ฺฉูฺฉูุฑ ุดุฑูุน ุดุฏ ุ,1
ูุงูุนุง ูฺฉุฑ ููฺฉูู ุชู ุจุนุถ ุงุณุชุงูโูุง ฺฏุฑูุณุฑ ุจฺูโูุง ููพุฒู ๐ท๐ค๐ต,0
ุณุงุนุช 8.30,0
8 ูุฑูุฏ ุจู ุฌูุณุณ ู ูููู ูููุนู ฺฉู ูฺฏู ุฏุฑุง ุฑู ูุจูุฏู(ุงูฺฉู ุงูุจุชู) ู 8ููู ุดุฑูุน ุฎูุฏ ุงุฒููู ุจูุฏ,0
8/5 ุดุฑูุน ฺฉุฑุฏู ูุงูุนุง ููุฏููู ฺุฑุง,0
ูุดุช ู ูู,0
ูุทูุง ฺฉุณ ฺฉู ุฑูุชู ุงุฒ ุชุฌุฑุจ ฺฉูฺฉูุฑ ููุฑ ุฏุงุฏู ุณุทุญ ุณูุงูุงุชู ููุทู ุจฺฏู ู ุชุฑุงุฒโูุง ุงุฎุฑุดู ุจฺฏู ฺฉ ุจุฏููู ุฏููุง ุงุฒ ุฏุฏ ฺู ุงุฏู ุงุฒููู ฺ ุทูุฑ ุจูุฏู ููููู,1
ุณูุงูุ ุจู ูุธุฑ ูู ุงุฏุจุงุช ุฏุฑ ูุฌููุน ุฏุฑ ุญุฏ ุณุงู ูพุด ุจูุฏุ ุนุฑุจ ู ุฏู ุณุฎุชโุชุฑ ู ุฒุจุงู ูู ุณุงุฏูโุชุฑ ุงุฒ ุณุงู ูพุด,0
ุณูุงู ุณูุงูุงุช ุฎู ุณุฎุช ุจูุฏ ูู ูุงูฺฏู ุชุฑุงุฒู (ุชุฌุฑุจ)6900 ูุณุช ูู ููุช ุณูุงูุง ุงุฏุจุงุช ุฑู ุฏุฏู ูุงูุนุง ุณุฎุช ุจูุฏ .ุนุฑุจ ูุชูุณุท ุฑู ุจู ุจุงูุง ู ุฏู ุณูุงูุงุช ุฌุฏุฏ ุฏุงุดุช ุฒุจุงู ูู ุฎู ุณุฎุช ุจูุฏ.ุฏุฑ ฺฉู ุงุฒ 99 ุฎู ุฎู ุณุฎุชโุชุฑ ุจูุฏ,0
ุณูุงู ุณูุงูุงุช ุฎู ุณุฎุช ุจูุฏ ูู ูุงูฺฏู ุชุฑุงุฒู (ุชุฌุฑุจ)6900 ูุณุช ูู ููุช ุณูุงูุง ุงุฏุจุงุช ุฑู ุฏุฏู ูุงูุนุง ุณุฎุช ุจูุฏ .ุนุฑุจ ูุชูุณุท ุฑู ุจู ุจุงูุง ู ุฏู ุณูุงูุงุช ุฌุฏุฏ ุฏุงุดุช ุฒุจุงู ูู ุฎู ุณุฎุช ุจูุฏ.ุฏุฑ ฺฉู ุงุฒ 99 ุฎู ุฎู ุณุฎุชโุชุฑ ุจูุฏ,0
ูฺฏู ูุซ 99 ุจูุฏู ุฒุจุง ู ุงุฏุจุงุช ุฏุดูุงุฑ ุฏู ุนุฑุจ ุงุณูู,0
ุงุฏุจุงุชุด ูุณุจุชุง ุณูฺฏู ุจูุฏุ ูุบุช ู ุงููุงุด ุฎูุจ ุจูุฏุ ุชุงุฑุฎ ุงุฏุจุงุชุด ูุซู ูพุงุฑุณุงูุ ุงุฑุงู ูุงุด ุณูฺฏู ุจูุฏุ ุฒุจุงู ูุงุฑุณุด ูุฑูุงู ู ุฎูุจ ุจูุฏุ ูุฑุงุจุชุด ูู ุฎูุจ ุจูุฏุ ู ุณูุงู ุชุฑฺฉุจ ุดุงูู ูุบุช ู ุงููุง ู ูุฑุงุจุช ู ุฒุจุงู ูุงุฑุณ ูู ุฏุงุดุช ุฏุฑ ฺฉู ุฎูุจ ุจูุฏ ูุดุฏ ุชุง 60 ุฑุงุญุช ุฑุณุฏ ุนุฑุจุด ุฎูุจ ุจูุฏุ ุณูุงู ุชุญูู ุงูุตุฑูุด ฺฏูุงุจ ุดุฏู ู ุนู ุฎุทุง ุดุฏู ู ูุซู ูุจู ูุณุช ุฏูุด ุฎู ฺฏูุงุจ ุจูุฏ ุฏุฑ ุญุฏ ฺฉู ุฑุงุญุช ูุดุฏ 10 ุฏูู ุง ุฌูุงุจุด ุฏุงุฏ ุฒุจุงู ุฑู ุจุฑุฑุณ ูฺฉุฑุฏู ุงุฏุจุงุชุด ุบุงูู ฺฏุฑ ฺฉููุฏู ุจูุฏ ฺฉู ู ุญุณ ูฺฉูู ุงุฏุจุงุช ุชุฌุฑุจ ุจูุชุฑู ู ุฏูุด ุงุฒ ููุฑ ุณุฎุช ุชุฑู,1
ุฏุฑ ฺฉู ุณุงุฏู ุจูุฏุ ูู ฺูุฏ ุฑูุฒ ูพุด ฺฉู ูููโ ฺฏุฑููโูุง 99 ุฏูุดููู ุฒุฏู ูุงูฺฏู 70 ุจูุฏุ ุงูุงู 22 ุชุงุดู ุฑุงุญุช ุฒุฏู ุงูู 3ุชุง ูู ุฑุณฺฉ ูุดุฏ ฺฉุฑุฏ ฺฉู ุชุฑุฌุญ ุฏุงุฏู ูุฒูู ุจุง ู ุชูุฑู ฺฉู ุฏู ุชู 45 ุฏูู ุฎู ุณูุงูุง ุจุฑุงู ุงุดูุง ุจูุฏ ุณุฑ ุฌูุณูุ ููุท ุงูุฏูุงุฑู ุชุฌุฑุจ ุงูุทูุฑ ูุจุงุดู,0
ุฏู ูฺฏ ุงุณูู ุจูุฏ ุฏููุง ฺุทูุฑ ุจูุฏ ุจุดุชุฑ ุณูุงูุง ุงุฒ ุงู ุจูุฏ ุง ูุชู ฺฉุชุงุจ,0
ุณุทุญ ุณูุงูุงุช ฺุทูุฑ ุจูุฏู ุ,1
ุงุฏุจุงุช ุชูุฑุจุง ูุซู 99 ุฒุจุงู ุณุฎุชโุชุฑ ู ุนุฑุจ ู ุฏูู ุฎูุจ ุจูุฏ,1
ุจู ูุธุฑู ุงูุฌูุฑ ุจูุฏ: ุงุฏุจุงุช ุณุฎุช ูู ูู ูุซู ูพุงุฑุณุงู ุนุฑุจ ูุชูุณุท ูู ุณูุงูุง ุทููุงู ุจุง ฺฉ ุฏูุชุง ุงุฏู ุฌุฏุฏ ุฏู ููุงุณุจ ู ูุณุจุชุง ุขุณูู ุฒุจุงู 5-6 ุณูุงู ุณุทุญ ุจุงูุง ุงูุง ุจูู ููุงุณุจ,1
ุงุฏุจุงุช ุจู ูุธุฑู ูุงูุนุง ุงุฒ ูพุงุฑุณุงู ุณุฎุชุชุฑ ุจูุฏ ุฎุตูุตุง ุชู ูุฑุงุจุช ุจูุด ุณุทุญ ุณุฎุชุด ุนู ูพุงุฑุณุงู ุจูุฏ,0
ุฏูุณุชุงู ุงุฒููู ุณุงุนุช 8 ุดุฑูุน ูุดู ุง 8 ู ูู ุ,1
8 ู ูู,0
ูุดุช ููู,0
ูุดุช ู ูู,0
ุงุฏุจุงุช ูุญุดุงูู . ุฒุจุงู ุณุฎุช . ุฏู ู ุนุฑุจ ูุชูุณุท .,1
ุชูุฑุจุง ููุชุธุฑ ฺฉูฺฉูุฑ ูุซู99 ุจุงุดู ูพุณ ูพุงุฑุณุงูู ุงูุทูุฑ ุจูุฏ ุจฺู ูุง ฺฉู ููุฑ ุฏุงุฏู ุจูุฏู ููุจูู ูฺฏูุชู ุงุฏูู ูู ุจุงุฒ ูฺ ูุนููู ูุณ,0
ูุญุดุงูู ุนู ฺุทูุฑูุ๐คฃ๐คฃ,0
ุฏุฑ ุญุฏ 99 ุจูุฏ ุนูุ :),0
ุณูุงู ุนู 99ุจูุฏ ุงูุง ุนุฑุจ ุฎูุจ ุจูุฏ,1
ุณูุงู ุฏูุณุชุงู ุฎุณุชู ูุจุงุดุฏ ูู ุฑุดุชู ุชุฌุฑุจ ูุณุชู ฺฉูฺฉูุฑ ุงูุฑูุฒ ููุฑ ุณุฎุชโุชุฑ ุงุฒ ุณุงู ูุจู ุจูุฏ ุนููู ูุงุด .ููฺฏ ูููู ุจุงุดุฏ,1
ุฎุฑ ุงุตูุง ุงูุทูุฑ ูุจูุฏ,0
ุฌููุช ุณูุงู ุจูุฏ ุฏฺฏู ุ :))),0
ุฏููุง ุนู 99....ูููู ุชุงุฑุฎ ุงุฏุจุงุช... ุงู...,1
ุณุฎุชุด ูููููุฏุฑ ุจูุฏุ,0
ุจูู ุฏุฑุณโูุง ฺุทูุฑุจูุฏู,0
ูุงูุนุง ุงู ุงุฒุงู ุณูุงู ูุชููุฑู,0
ุณูุงู . ุงูุฏูุงุฑู ููู ูููู ุจุงุดู . ูุดู ฺฉุณุง ฺฉู ฺฉูฺฉูุฑ ุฏุงุฏู ุงูุฑูุฒ ุฏุฑ ููุฑุฏ ุฏุฑุตุฏ ุณุฎุช ุณูุงูุง ุจฺฏู ู ุจฺฏู ุงุฒ ฺฉูฺฉูุฑ ูพุงุฑุณุงู ุณุฎุช ุชุฑู ุง ูู,1
ุณูุงูุง ูุณุจุช ุจู ูพุงุฑุณุชู ุจูุชุฑ ุจูุฏ.ุงุฏุจุงุช ุฏุฑูููู ุณุทุญ.ุฏู ุฑุงุญุช.ุนุฑุจ ู ุฒุจุงู ูุชูุณุท ุฑู ุจู ุจุงูุง,0
ุงุญุณุงุณ ูฺฉูู ุณุงูโูุง ูุจู ุงู ูููุน ูุนูููุง ุจุฑฺฏุดุชู ุจูุฏู ุจุนุถ ุงุฒ ุจฺู ูุง,1
ุฏูุณุชุงู ู ุณูุงู ุจุฑุฏู ุฌุงูุฏุงุฏ ุจู ุณุฑ ุฌูุณู ูุดฺฉู ุฏุงุฑู ุง ููุ,1
ูุงููู ุจ ุฑูฺฏ ุจุงุฏ ุจุจุฑ.ุฌุงูุฏุงุฏ ูู ุงูุฑุฏู ุจูุฏู ูู ฺฉู ุบุฑ ุฒุฏู.ุชู ูุงููู ุจ ุฑูฺฏ ุจุจุฑ ฺฉู ูุจู ุฌูุณู ูู ุงุนุตุงุจ ุฎุฑุฏ ฺฉู ูุฏุงุดุชู ุจุงุด,0
ุจุงุฏ ุจุง ูพูุงุณุชฺฉ ุจุจุฑ ุงููู ุดูุงู ูฺฏุฑูู ฺฏุฑ ูุฏู,0
ฺฉุฏููุด ุจุงูุงุฎุฑู ฺฉูฺฉูุฑุง ููุฑ ฺฉู ุงูุฑูุฒ ุงุฒููู ุฏุงุฏู ุจฺฏู ุจูุชุฑู,0
ุชู ูุงููู ุจ ุฑูฺฏ ุจุจุฑ ูุณุงู ูุงุชู,0
ูุดฺฉู ุฏุงุฑู,0
ูุดฺฉู ูุฏุงุฑู,0
ุนูุฌูุจ!ุจุงุฒู ุงููู ููุฑ ูุณุชู ฺฉู ูุธุฑ ูุฏู!,1
ุฎูุด ุจู ุญุงูุช ฺฉ ูพุงูโุชุฑู ฺฉุงููุช๐ ูุฏุงู ุทูุง ุดุทุฑูุฌ ุจุง ููฺุฑ ุงูููพฺฉ ุฑู ุจุฏุฏ ุงู...๐,0
ุจุง ฺฉุง ุดุฏู ูุดุชุงุฏ ู ุฎูุฑุฏู ุง ูููู ุฌูุนุช :/,0
ูพุงูโุชุฑู ฺฉุงููุช,0
ูู ุงุฒ ุงุฎุฑ ุงููู ููุฑู ฺฉู ูุธุฑ ูโุฏูู ๐๐๐๐,0
